date,net_exposure,gross_exposure,turnover,cost,n_holdings,effective_n,max_weight,entropy,unpriced_weight
2015-02-28,1.0000000000000018,1.0000000000000018,1.0000000000000018,0.0010000000000000018,5,4.6571207863112924,0.2787997438448172,1.5722468143438757,0.0
2015-03-31,1.0000000000000016,1.0000000000000016,0.0,0.0,5,4.673026857070884,0.27972531730588207,1.5739747514140843,0.0
2015-04-30,1.000000000000003,1.000000000000003,0.8398981129050775,0.0008398981129050775,3,2.8559281634549367,0.409176923711376,1.072117301329557,0.0
2015-05-31,1.0000000000000033,1.0000000000000033,0.0,0.0,3,2.8205706297848603,0.4215378658663188,1.0650996799301085,0.0
2015-06-30,1.0000000000000033,1.0000000000000033,0.0,0.0,3,2.818275861691594,0.4248914870632098,1.0648054123067099,0.0
2015-07-31,1.0000000000000024,1.0000000000000024,0.5554545544222632,0.0005554545544222632,4,3.9373896827517822,0.2777272772111296,1.3779535078939715,0.0
2015-08-31,1.0000000000000022,1.0000000000000022,0.0,0.0,4,3.9578179373719067,0.28216467949774277,1.3808710746005137,0.0
2015-09-30,1.0000000000000024,1.0000000000000024,0.0,0.0,4,3.9520037280985894,0.29125126568172055,1.3802590614132686,0.0
2015-10-31,1.0000000000000036,1.0000000000000036,1.015651084574978,0.001015651084574978,2,1.9715561784313256,0.5600564142991167,0.6859161888058732,0.0
2015-11-30,1.0000000000000033,1.0000000000000033,0.0,0.0,2,1.9641348103489704,0.5675648666294193,0.6839891674291754,0.0
2015-12-31,1.0000000000000033,1.0000000000000033,0.0,0.0,2,1.956714375871706,0.5743666346204281,0.6820452423054113,0.0
2016-01-31,1.0000000000000036,1.0000000000000036,0.29930497489115276,0.00029930497489115274,2,1.9810210718632266,0.5489396993986835,0.6883493141087074,0.0
2016-02-29,1.0000000000000036,1.0000000000000036,0.0,0.0,2,1.9893309382649833,0.5366167335625512,0.6904632081097462,0.0
2016-03-31,1.0000000000000036,1.0000000000000036,0.0,0.0,2,1.9950130312814374,0.5249985867872582,0.691896800640402,0.0
2016-04-30,1.0000000000000016,1.0000000000000016,2.0000000000000027,0.0020000000000000026,1,1.000000000000004,0.9999999999999996,7.87756069717288e-14,0.0
2016-05-31,1.0000000000000013,1.0000000000000013,0.0,0.0,1,1.0000000000000036,0.9999999999999996,7.478212285977291e-14,0.0
2016-06-30,1.0000000000000016,1.0000000000000016,0.0,0.0,1,1.0000000000000042,0.9999999999999994,8.137047241755875e-14,0.0
2016-07-31,1.0000000000000027,1.0000000000000027,2.0000000000000027,0.0020000000000000026,2,1.8882887254196632,0.6216142057410396,0.6632683621256599,0.0
2016-08-31,1.0000000000000024,1.0000000000000024,0.0,0.0,2,1.8843360449956714,0.6238767622408661,0.662134326311097,0.0
2016-09-30,1.0000000000000022,1.0000000000000022,0.0,0.0,2,1.9677835273080269,0.5639764795510432,0.684938716358346,0.0
2016-10-31,1.000000000000003,1.000000000000003,0.2866675191929572,0.0002866675191929572,2,1.9589708678891669,0.572360603577,0.6826382018750368,0.0
2016-11-30,1.0000000000000029,1.0000000000000029,0.0,0.0,2,1.9721680110700666,0.5593977741563929,0.6860742983978269,0.0
2016-12-31,1.000000000000003,1.000000000000003,0.0,0.0,2,1.9464222255789134,0.5829552375916048,0.6793201906552637,0.0
2017-01-31,1.000000000000004,1.000000000000004,0.032813912156625644,3.281391215662565e-05,2,1.9829964828032394,0.5462997253585006,0.6888537032478123,0.0
2017-02-28,1.0000000000000038,1.0000000000000038,0.0,0.0,2,1.9746937285962014,0.5566023173033454,0.6867257793005196,0.0
2017-03-31,1.000000000000003,1.000000000000003,0.0,0.0,2,1.9823151100777783,0.5472263997741041,0.6886798585940119,0.0
2017-04-30,1.0000000000000049,1.0000000000000049,0.08429601775142671,8.42960177514267e-05,2,1.9996509108522755,0.506606342501651,0.6930598904977022,0.0
2017-05-31,1.0000000000000049,1.0000000000000049,0.0,0.0,2,1.9975057599450656,0.5176683139964997,0.6925227119232734,0.0
2017-06-30,1.0000000000000047,1.0000000000000047,0.0,0.0,2,1.992798119818877,0.5300580842761548,0.69133911373451,0.0
2017-07-31,1.0000000000000044,1.0000000000000044,1.0361781737357996,0.0010361781737357996,1,1.0000000000000089,1.0,1.8423614611658138e-13,0.0
2017-08-31,1.0000000000000042,1.0000000000000042,0.0,0.0,1,1.0000000000000084,1.0,1.7096162586674694e-13,0.0
2017-09-30,1.0000000000000049,1.0000000000000049,0.0,0.0,1,1.0000000000000093,1.0000000000000002,1.8842143596204225e-13,0.0
2017-10-31,1.0000000000000038,1.0000000000000038,6.6416534999105135e-15,6.641653499910514e-18,1,1.0000000000000075,1.0,1.569457812600968e-13,0.0
2017-11-30,1.0000000000000038,1.0000000000000038,0.0,0.0,1,1.000000000000008,0.9999999999999998,1.5882920142288198e-13,0.0
2017-12-31,1.000000000000003,1.000000000000003,0.0,0.0,1,1.0000000000000067,0.9999999999999998,1.2824190731791328e-13,0.0
2018-01-31,1.0000000000000049,1.0000000000000049,1.1358908781636765,0.0011358908781636766,2,1.9637369833244078,0.5679454390818368,0.6838853860571075,0.0
2018-02-28,1.0000000000000049,1.0000000000000049,0.0,0.0,2,1.9883534820375344,0.5382667216774989,0.6902156308012056,0.0
2018-03-31,1.0000000000000047,1.0000000000000047,0.0,0.0,2,1.9730323625607304,0.5584553614592089,0.6862974681312786,0.0
2018-04-30,1.000000000000004,1.000000000000004,0.9219395173632867,0.0009219395173632866,1,1.000000000000008,1.0,1.5384654710636545e-13,0.0
2018-05-31,1.0000000000000038,1.0000000000000038,0.0,0.0,1,1.0000000000000078,0.9999999999999999,1.5842125077801954e-13,0.0
2018-06-30,1.0000000000000033,1.0000000000000033,0.0,0.0,1,1.000000000000007,0.9999999999999998,1.4087089371929352e-13,0.0
2018-07-31,1.000000000000004,1.000000000000004,7.561311042953756e-15,7.561311042953756e-18,1,1.0000000000000104,0.9999999999999988,1.9930134346149712e-13,0.0
2018-08-31,1.0000000000000038,1.0000000000000038,0.0,0.0,1,1.0000000000000107,0.9999999999999984,2.0447540319185625e-13,0.0
2018-09-30,1.000000000000003,1.000000000000003,0.0,0.0,1,1.0000000000000089,0.9999999999999987,1.7492498733344743e-13,0.0
2018-10-31,1.000000000000004,1.000000000000004,1.1828685842107292,0.0011828685842107292,2,1.935282378559901,0.5914342921053626,0.6763322603907966,0.0
2018-11-30,1.0000000000000047,1.0000000000000047,0.0,0.0,2,1.957873906796088,0.57334208249269,0.6823501434576665,0.0
2018-12-31,1.0000000000000049,1.0000000000000049,0.0,0.0,2,1.8536690339478952,0.640482435131465,0.6531401137321028,0.0
2019-01-31,1.0000000000000044,1.0000000000000044,0.462624698627208,0.000462624698627208,2,1.9444502058570177,0.5845109178017807,0.6787941880902912,0.0
2019-02-28,1.000000000000004,1.000000000000004,0.0,0.0,2,1.9762086331097186,0.5548609476791598,0.6871155969450687,0.0
2019-03-31,1.0000000000000038,1.0000000000000038,0.0,0.0,2,1.9845761272769447,0.5440791122529627,0.6892561950725041,0.0
2019-04-30,1.0000000000000038,1.0000000000000038,0.8825451538161653,0.0008825451538161653,1,1.0000000000000087,0.9999999999999994,1.7379552402053083e-13,0.0
2019-05-31,1.0000000000000033,1.0000000000000033,0.0,0.0,1,1.0000000000000084,0.9999999999999991,1.7238293825566604e-13,0.0
2019-06-30,1.000000000000004,1.000000000000004,0.0,0.0,1,1.0000000000000093,0.9999999999999993,1.8126040200087014e-13,0.0
2019-07-31,1.0000000000000038,1.0000000000000038,8.235276061483585e-15,8.235276061483585e-18,1,1.0000000000000115,0.999999999999998,2.2194967439488973e-13,0.0
2019-08-31,1.0000000000000036,1.0000000000000036,0.0,0.0,1,1.0000000000000113,0.9999999999999979,2.0864308659139127e-13,0.0
2019-09-30,1.0000000000000033,1.0000000000000033,0.0,0.0,1,1.0000000000000104,0.9999999999999981,2.0393217470830187e-13,0.0
2019-10-31,1.000000000000005,1.000000000000005,1.1628165627602771,0.001162816562760277,3,2.8896152088252793,0.4185917186198637,1.0796816197823695,0.0
2019-11-30,1.0000000000000047,1.0000000000000047,0.0,0.0,3,2.866761652086686,0.42817888165473855,1.07564839959907,0.0
2019-12-31,1.0000000000000044,1.0000000000000044,0.0,0.0,3,2.8250737709672933,0.43800930867372323,1.0674695987136587,0.0
2020-01-31,1.0000000000000056,1.0000000000000056,0.3609096118074854,0.0003609096118074854,3,2.852158322235937,0.4187960908298003,1.071813071597024,0.0
2020-02-29,1.0000000000000058,1.0000000000000058,0.0,0.0,3,2.8098357324488323,0.40676198545300263,1.062119269002237,0.0
2020-03-31,1.0000000000000062,1.0000000000000062,0.0,0.0,3,2.7854266381630133,0.42024480053410906,1.057113988352527,0.0
2020-04-30,1.0000000000000044,1.0000000000000044,0.39814630099590276,0.0003981463009959028,3,2.891476162115317,0.3971097014227179,1.079019135011786,0.0
2020-05-31,1.000000000000004,1.000000000000004,0.0,0.0,3,2.916806377738674,0.37893488293386535,1.0836865046121154,0.0
2020-06-30,1.0000000000000038,1.0000000000000038,0.0,0.0,3,2.930303413209932,0.37426807258138267,1.0862186813061236,0.0
2020-07-31,1.0000000000000044,1.0000000000000044,1.324616512238643,0.001324616512238643,1,1.0000000000000089,1.0,1.7286036552238532e-13,0.0
2020-08-31,1.0000000000000047,1.0000000000000047,0.0,0.0,1,1.0000000000000098,0.9999999999999998,1.7633191451621012e-13,0.0
2020-09-30,1.0000000000000042,1.0000000000000042,0.0,0.0,1,1.0000000000000093,0.9999999999999996,1.726936356119778e-13,0.0
2020-10-31,1.0000000000000053,1.0000000000000053,0.9665432301171933,0.0009665432301171933,2,1.9977637922094118,0.5167283849414068,0.6925873983747666,0.0
2020-11-30,1.0000000000000053,1.0000000000000053,0.0,0.0,2,1.9981240082602634,0.515320546107967,0.6926776688089685,0.0
2020-12-31,1.0000000000000044,1.0000000000000044,0.0,0.0,2,1.999977687423199,0.5016700608426244,0.6931416023432753,0.0
2021-01-31,1.0000000000000056,1.0000000000000056,0.5707541867916164,0.0005707541867916164,3,2.9295702688996665,0.4050815147228556,1.0868935083469207,0.0
2021-02-28,1.0000000000000056,1.0000000000000056,0.0,0.0,3,2.8712812049119947,0.42991024700299274,1.0767731092153177,0.0
2021-03-31,1.0000000000000053,1.0000000000000053,0.0,0.0,3,2.802021092136625,0.4584509711299723,1.0649339440716632,0.0
2021-04-30,1.0000000000000038,1.0000000000000038,1.4580113485325712,0.001458011348532571,1,1.0000000000000095,0.999999999999999,1.8266858859774083e-13,0.0
2021-05-31,1.0000000000000033,1.0000000000000033,0.0,0.0,1,1.000000000000009,0.9999999999999988,1.7455722578067233e-13,0.0
2021-06-30,1.0000000000000036,1.0000000000000036,0.0,0.0,1,1.0000000000000098,0.9999999999999987,1.8381233374631154e-13,0.0
2021-07-31,1.0000000000000038,1.0000000000000038,2.000000000000004,0.002000000000000004,3,2.9258165043643527,0.3844258573858892,1.0854744635665512,0.0
2021-08-31,1.0000000000000036,1.0000000000000036,0.0,0.0,3,2.9487272978970225,0.38177648313256574,1.0897582687091194,0.0
2021-09-30,1.0000000000000036,1.0000000000000036,0.0,0.0,3,2.921203940883519,0.37944424365209256,1.0845307363816317,0.0
2021-10-31,1.0000000000000058,1.0000000000000058,0.7219727053300808,0.0007219727053300808,2,1.9022310445477595,0.6133545244793406,0.6672238920403638,0.0
2021-11-30,1.0000000000000053,1.0000000000000053,0.0,0.0,2,1.8572923135061004,0.6385969127484861,0.6542212110584411,0.0
2021-12-31,1.0000000000000049,1.0000000000000049,0.0,0.0,2,1.81237915365529,0.6608740593658442,0.6404540163773844,0.0
2022-01-31,1.0000000000000058,1.0000000000000058,0.409292013116938,0.00040929201311693805,2,1.9874479006572354,0.5397356491019373,0.6899860045230904,0.0
2022-02-28,1.000000000000006,1.000000000000006,0.0,0.0,2,1.979736057633444,0.5505857657493384,0.6880205744638676,0.0
2022-03-31,1.0000000000000069,1.0000000000000069,0.0,0.0,2,1.977883429549801,0.5528723422217858,0.6875457448849391,0.0
2022-04-30,1.0000000000000047,1.0000000000000047,0.18287253311533885,0.00018287253311533887,2,1.9893642706033567,0.5365591834387625,0.6904716457579737,0.0
2022-05-31,1.000000000000005,1.000000000000005,0.0,0.0,2,1.991814946245148,0.53205208448826,0.6910910987758461,0.0
2022-06-30,1.0000000000000047,1.0000000000000047,0.0,0.0,2,1.9612220457071403,0.5703070811621013,0.6832281700156694,0.0
2022-07-31,1.0000000000000058,1.0000000000000058,0.587260267037147,0.0005872602670371469,3,2.955141099481635,0.3898964296709051,1.0911655598439587,0.0
2022-08-31,1.000000000000005,1.000000000000005,0.0,0.0,3,2.9792184312564065,0.3699590098037012,1.09514805806975,0.0
2022-09-30,1.0000000000000053,1.0000000000000053,0.0,0.0,3,2.966705714778837,0.382592826501591,1.0931094061376596,0.0
2022-10-31,1.0000000000000067,1.0000000000000067,0.123523270407451,0.000123523270407451,3,2.948189880681847,0.3743708760147938,1.089553470504618,0.0
2022-11-30,1.0000000000000062,1.0000000000000062,0.0,0.0,3,2.9090362333788566,0.39724053320547864,1.0825208076443573,0.0
2022-12-31,1.0000000000000056,1.0000000000000056,0.0,0.0,3,2.9062813100835636,0.3947546714241379,1.0819021705962224,0.0
2023-01-31,1.0000000000000064,1.0000000000000064,0.8345234087434663,0.0008345234087434664,2,1.8829358547689312,0.6246706405498631,0.6617312520128991,0.0
2023-02-28,1.0000000000000056,1.0000000000000056,0.0,0.0,2,1.9088387035683705,0.6092674063940596,0.6690746571960018,0.0
2023-03-31,1.000000000000006,1.000000000000006,0.0,0.0,2,1.8795210476507942,0.6265907575447639,0.6607452369570721,0.0
2023-04-30,1.000000000000007,1.000000000000007,0.8167326899659988,0.0008167326899659989,1,1.0000000000000142,1.0,2.6939246642273405e-13,0.0
2023-05-31,1.000000000000007,1.000000000000007,0.0,0.0,1,1.0000000000000144,0.9999999999999999,2.758908166728032e-13,0.0
2023-06-30,1.000000000000007,1.000000000000007,0.0,0.0,1,1.0000000000000142,1.0,2.566622192076168e-13,0.0
2023-07-31,1.0000000000000062,1.0000000000000062,2.000000000000007,0.002000000000000007,1,1.0000000000000133,0.9999999999999996,2.4267543583345e-13,0.0
2023-08-31,1.0000000000000053,1.0000000000000053,0.0,0.0,1,1.0000000000000118,0.9999999999999994,2.2262601605391274e-13,0.0
2023-09-30,1.0000000000000062,1.0000000000000062,0.0,0.0,1,1.000000000000013,0.9999999999999997,2.41845236470083e-13,0.0
2023-10-31,1.0000000000000095,1.0000000000000095,2.00000000000001,0.0020000000000000104,1,1.0000000000000215,0.9999999999999988,3.956026585801912e-13,0.0
2023-11-30,1.0000000000000098,1.0000000000000098,0.0,0.0,1,1.000000000000022,0.9999999999999988,4.0600155903183423e-13,0.0
2023-12-31,1.0000000000000078,1.0000000000000078,0.0,0.0,1,1.0000000000000187,0.9999999999999984,3.474819983009565e-13,0.0
2024-01-31,1.000000000000007,1.000000000000007,1.2999806246701897,0.0012999806246701898,3,2.989022779177473,0.3500096876649081,1.0967492097819813,0.0
2024-02-29,1.000000000000007,1.000000000000007,0.0,0.0,3,2.975486236610228,0.35865875987135315,1.0944005573066702,0.0
2024-03-31,1.0000000000000067,1.0000000000000067,0.0,0.0,3,2.936244025381545,0.3929642070939253,1.087678644949411,0.0
2024-04-30,1.0000000000000082,1.0000000000000082,0.0746150344557457,7.46150344557457e-05,3,2.9445484151215857,0.3956325292165374,1.0893625840172336,0.0
2024-05-31,1.000000000000008,1.000000000000008,0.0,0.0,3,2.9441817654508564,0.3975028860385511,1.0893679538292282,0.0
2024-06-30,1.0000000000000075,1.0000000000000075,0.0,0.0,3,2.9413593295826392,0.3888809509216662,1.0885334995889122,0.0
2024-07-31,1.0000000000000049,1.0000000000000049,1.2790461339895787,0.0012790461339895786,1,1.0000000000000098,1.0,1.8816942032904696e-13,0.0
2024-08-31,1.0000000000000049,1.0000000000000049,0.0,0.0,1,1.00000000000001,0.9999999999999999,1.9595219541997748e-13,0.0
2024-09-30,1.000000000000005,1.000000000000005,0.0,0.0,1,1.0000000000000107,0.9999999999999998,2.1039529950280423e-13,0.0
2024-10-31,1.0000000000000075,1.0000000000000075,2.0000000000000058,0.0020000000000000057,1,1.000000000000017,0.999999999999999,3.291045853546238e-13,0.0
2024-11-30,1.0000000000000075,1.0000000000000075,0.0,0.0,1,1.0000000000000169,0.9999999999999991,3.166804782111424e-13,0.0
2024-12-31,1.0000000000000056,1.0000000000000056,0.0,0.0,1,1.000000000000013,0.999999999999999,2.560175220705896e-13,0.0
2025-01-31,1.0000000000000073,1.0000000000000073,0.8469470772537632,0.0008469470772537632,2,1.9542219651692585,0.5765264613731225,0.6813884197231637,0.0
2025-02-28,1.0000000000000069,1.0000000000000069,0.0,0.0,2,1.935468880550003,0.5912980512015541,0.6763826172003994,0.0
2025-03-31,1.0000000000000058,1.0000000000000058,0.0,0.0,2,1.9254064282153114,0.5984145921852527,0.6736492603602816,0.0
2025-04-30,1.0000000000000044,1.0000000000000044,2.0000000000000075,0.0020000000000000074,2,1.2714518459568973,0.8784854398580002,0.36993182456384943,0.0
2025-05-31,1.0000000000000047,1.0000000000000047,0.0,0.0,2,1.2718975308029286,0.8783033561297183,0.37029186104083844,0.0
2025-06-30,1.0000000000000049,1.0000000000000049,0.0,0.0,2,1.2696677205253468,0.8792147428598058,0.3684866471240166,0.0
2025-07-31,1.0000000000000062,1.0000000000000062,2.000000000000008,0.002000000000000008,3,2.214024994545089,0.5796995996444013,0.9029518858369114,0.0
2025-08-31,1.000000000000006,1.000000000000006,0.0,0.0,3,2.266790770814297,0.537605581855044,0.9045827997828904,0.0
2025-09-30,1.000000000000006,1.000000000000006,0.0,0.0,3,2.3145731275399197,0.5121154000542056,0.9179162065360822,0.0
2025-10-31,1.0000000000000024,1.0000000000000024,1.7879801650524487,0.001787980165052449,2,1.8230246420666,0.6557866126994651,0.6437907160040572,0.0
2025-11-30,1.0000000000000022,1.0000000000000022,0.0,0.0,2,1.9503633991077758,0.5797651620603781,0.6803676864409312,0.0
2025-12-31,1.0000000000000022,1.0000000000000022,0.0,0.0,2,1.955311271293597,0.5755894268803772,0.6816757253316043,0.0
2026-01-31,1.0,1.0,1.0528554350237636,0.0010528554350237636,3,1.8482857613102466,0.6869176997217186,0.7687469677717991,0.0
