date,A,AAPL,ABT,ACGL,ACN,ADBE,ADM,ADP,ADSK,AEE,AEP,AES,AFL,AIG,AIV,AIZ,AJG,AKAM,ALB,ALGN,ALL,ALLE,AMCR,AMD,AME,AMGN,AMP,AMT,AMZN,AN,ANET,AON,AOS,APD,APH,APTV,ARE,ATO,AVY,AXON,AXP,BA,BAC,BALL,BAX,BBY,BDX,BEN,BF-B,BIIB,BIO,BKNG,BLDR,BMY,BR,BRK-B,BRO,BSX,BWA,BX,BXP,C,CAG,CAH,CAT,CB,CBOE,CBRE,CCI,CCL,CDNS,CDW,CE,CF,CFG,CHD,CHRW,CHTR,CI,CINF,CL,CLX,CMCSA,CME,CMG,CMI,CMS,CNC,CNP,COF,COO,COP,CPAY,CPRI,CPRT,CPT,CRL,CRM,CSCO,CSGP,CSX,CTAS,CTSH,CTVA,CVS,CVX,CZR,D,DAL,DD,DDOG,DE,DECK,DGX,DHI,DHR,DIS,DLR,DOV,DOW,DRI,DTE,DUK,DVA,DVN,DXC,DXCM,EBAY,ECL,ED,EFX,EG,EIX,EL,ELV,EMN,EMR,ENPH,EOG,EPAM,EQIX,EQT,ES,ESS,ETN,ETR,ETSY,EVRG,EXC,EXPD,EXPE,EXR,F,FANG,FAST,FCX,FDS,FDX,FE,FFIV,FIS,FISV,FITB,FLR,FLS,FMC,FOX,FOXA,FRT,FSLR,FTNT,FTV,GD,GE,GILD,GIS,GL,GLW,GM,GNRC,GNW,GOOG,GOOGL,GPC,GPN,GRMN,GS,GWW,HAL,HAS,HBAN,HIG,HII,HOG,HON,HP,HPE,HRB,HRL,HSIC,HST,HSY,HUBB,HUM,HWM,IBM,ICE,IDXX,IEX,IFF,ILMN,INCY,INTC,INTU,INVH,IP,IPGP,IQV,IR,ISRG,IT,ITW,IVZ,J,JBHT,JBL,JCI,JEF,JKHY,JNJ,JPM,KDP,KEY,KEYS,KHC,KIM,KLAC,KMB,KMI,KMX,KO,L,LDOS,LEG,LEN,LH,LHX,LIN,LKQ,LLY,LMT,LNC,LNT,LRCX,LUMN,LUV,LVS,LW,LYB,MA,MAA,MAC,MAS,MAT,MCD,MCHP,MCK,MCO,MDLZ,MDT,MET,META,MGM,MHK,MKC,MKTX,MLM,MMM,MNST,MO,MOH,MOS,MPC,MPWR,MRK,MS,MSCI,MSFT,MSI,MTB,MTD,MU,NCLH,NDAQ,NDSN,NEE,NEM,NFLX,NI,NKE,NOC,NOV,NOW,NRG,NSC,NTAP,NTRS,NUE,NVR,NWL,NWS,NWSA,NXPI,O,ODFL,OKE,OMC,ON,ORCL,ORLY,OXY,PANW,PAYC,PAYX,PCAR,PCG,PEG,PFE,PFG,PG,PGR,PH,PHM,PKG,PLD,PNC,PNR,PNW,PODD,POOL,PPG,PPL,PRGO,PRU,PSA,PSX,PTC,PWR,PYPL,QCOM,QRVO,R,RCL,REG,REGN,RF,RHI,RJF,RL,RMD,ROK,ROL,ROP,RSG,RTX,RVTY,SBUX,SCHW,SHW,SJM,SLB,SLG,SMCI,SNA,SNPS,SO,SPG,SPGI,SRE,STE,STLD,STT,STX,SWK,SWKS,SYF,SYK,SYY,T,TAP,TDC,TDY,TECH,TEL,TER,TFC,TFX,TMUS,TPR,TRIP,TRMB,TROW,TRV,TSCO,TSLA,TT,TTD,TXN,TXT,TYL,UAA,UAL,UBER,UDR,UHS,UNH,UNM,UNP,UPS,URI,USB,VFC,VICI,VLO,VMC,VNO,VRSK,VRTX,VST,VTR,VZ,WAB,WDAY,WDC,WEC,WELL,WFC,WHR,WM,WMB,WMT,WRB,WST,WTW,WU,WY,XEL,XOM,XRAY,XYL,XYZ,ZBH,ZBRA,ZION,ZTS
2015-01-31,0.0,0.05,0.0,,0.0,0.0,0.0053988341190792,,0.0,0.05,0.0478260711777571,,,0.0,,0.0,,,,,0.05,,,,0.0,0.0206281063957621,0.0,0.0,0.0,,,0.0,,0.0,,,,,,,0.0,0.0,0.0,,0.0,0.0,0.0,0.0,,0.0,,,,0.0,,0.0499999999999999,,0.0,,,0.0,0.0,,0.0,0.0,0.0499999999999999,,,0.0,,,,,0.0,,,0.0,,,,0.0,,0.0,0.0,,0.0,,,0.0,0.0,,,,,,,,0.0,,,0.0,,0.0,,0.0,0.0,,0.0,,,,0.0,,0.0,,0.0,,,0.0,,,,,,0.0,,,0.0014195517126431,0.0,,,,0.0,,,,0.0,,0.0,,,,,,,,,,0.05,0.0,,,,,0.0,,,0.0,,,,0.0,,0.0,0.0,0.0,,,,,,,0.0,0.0,0.0,,,,,,0.0,,,,,0.0,,0.0,0.0,,0.0,0.0,,0.0,,0.0,,0.0,,,,0.0,,0.0044045163028301,,,,,,,,,0.014184859054602,0.0,,0.0,,,,0.0,,0.0,0.0,,,,,0.0,,,0.0,0.05,,,,,,0.0,,,,0.0,,,,0.0499999999999999,,,,0.05,0.0499999999999992,0.0,,,,0.0,,,,0.0,,,0.0,0.0,0.0,0.0,0.0,,0.0,,0.0,,,,0.0,,0.0,0.0,,0.0099277094549371,,,,,,0.0,,0.0399377111647367,0.0,0.0,,,,,,,,0.0,,0.0,0.0,0.0,,0.0,0.0,,,0.0,,,,,,,,,0.0,,,0.05,0.0,,,0.0,0.0,,0.0,,0.0,0.0142484241175237,0.05,0.0,,,,,,,,,0.0,,,,0.0,,,,,0.0,,,0.0,,,,,,,,0.0,,0.0,0.0499999999999999,,,0.0,0.0,0.05,,0.0,,,,,,0.0,0.0,,,,,,,,,0.0,,0.0,,,,,,,,,,0.0,,,,0.0420242165001301,,,,,0.0,,,,,,,,0.0499999999999993,0.0,0.0,0.0,,0.0,0.0,,,0.0,,,0.0,,0.0,0.0,,,,,,0.0,,0.0,,0.0,,,,0.0,0.0,0.05,,0.0,,,,,0.0,
2015-03-31,0.0,0.05,0.0,,0.0,0.0,0.0,,0.0,0.0499999999999998,0.0499999999999994,,,0.0,,0.0,,,,,0.0358120546184151,,,,0.0,0.0135152913427768,0.0,0.0,0.0,,,0.0,,0.0,,,,,,,0.0,0.0,0.0,,0.0,0.0,0.0,0.0,,0.0,,,,0.0,,0.0499999999999999,,0.0,,,0.0,0.0,,0.0,0.0,0.0499999999999999,,,0.0,,,,,0.0,,,0.0266419502983718,,,,0.0,,0.0,0.0,,0.0,,,0.0,0.0,,,,,,,,0.0,,,0.0,,0.0,,0.0,0.0,,0.0,,,,0.0,,0.0,,0.0,,,0.0,,,,,,0.0,,,0.0281526271872766,0.0,,,,0.0,,,,0.0,,0.0,,,,,,,,,,0.0,0.0,,,,,0.0,,,0.0,,,,0.0,,0.0,0.0,0.0,,,,,,,0.0,0.0,0.0,,,,,,0.0,,,,,0.0,,0.0,0.0,,0.0,0.0,,0.0,,0.0,,0.0,,,,0.0,,0.0,,,,,,,,,0.0,0.0,,0.0,,,,0.0,,0.0,0.0,,,,,0.0,,,0.0,0.0499999999999995,,,,,,0.0,,,,0.0,,,,0.0499999999999997,,,,0.0499999999999994,0.0499999999999997,0.0,,,,0.0,,,,0.0,,,0.0,0.0,0.0,0.0,0.0,,0.0,,0.0,,,,0.0,,0.0,0.0,,0.0499999999999996,,,,,,0.0,,0.0076754309574817,0.0,0.0,,,,,,,,0.0,,0.0,0.0410493207504655,0.0,,0.0,0.0,,,0.0,,,,,,,,,0.0,,,0.05,0.0,,,0.0,0.0,,0.0,,0.0,0.0,0.05,0.0,,,,,,,,,0.0,,,,0.0,,,,,0.0,,,0.0,,,,,,,,0.0,,0.0,0.05,,,0.0,0.0,0.05,,0.0,,,,,,0.0,0.0,,,,,,,,,0.0,,0.0,,,,,,,,,,0.0,,,,0.0471533248452147,,,,,0.0,,,,,,,,0.05,0.0,0.0,0.0,,0.0,0.0,,,0.0,,,0.0,,0.0,0.0,,,,,,0.0,,0.0,,0.0,,,,0.0,0.0,0.05,,0.0,,,,,0.0,
2015-06-30,0.0,0.0449572168924761,0.049798551399749,,0.0,0.0,0.0,,0.0,0.05,0.0007393914061722,,0.0,0.0,,0.0,,,,,0.0317480703072859,,,,0.0,0.05,0.0,0.0,0.0062195757315665,,,0.0,,0.0,,,,,,,0.0,0.0,0.0,,0.0,,0.0,0.0,,0.0,,,,0.0,,0.05,,0.0,,,0.0,0.0,,0.0,0.0,0.023167705405676,,,0.0,,,,,0.0,,,0.0,,,,0.0,,0.0,0.0,,0.0,,,0.0,0.0,,,,,,,,0.0,,,0.0,,0.0,,0.0,0.0,,0.0,,,,0.0,,0.0,,0.0,,,0.0,,0.05,,,,0.0,,,0.049999999999998,0.0,,,,0.0,,,,0.0,,0.0,,,,,,,,,,0.0100920003503962,0.0,,,,,0.0,,,0.0,,,,0.0,,0.0,0.0,0.0,,,,0.0,,,0.0,0.0,0.0,,,,,,0.0,,,,,0.0,,0.0,0.0,0.0,0.0,0.0,,0.0,,0.0,,0.0,,,,0.0,,0.0,,,,,,,,,0.0,0.0,,0.0,,,,0.0,,0.0,0.0,,,,,0.0,,,0.0,0.05,,,,,,0.0,,,,0.0,,,,0.05,,,,0.05,0.05,0.0,,,,0.0,,,,0.0,,,0.0,0.0,0.0,0.0,0.0,,0.0,,0.0,,,,0.0,,0.0,0.0,,0.0,,,,,,0.0,,0.05,0.0,0.0,,,,,,,,0.0,,0.0,0.05,0.0,,0.0,0.0,0.0,,0.0,,,,,,,,,0.0,,,0.05,0.0,,,0.0,0.0,,0.0,,0.0,0.0,0.0499999999999985,0.0,,,,,,,,,0.0,,,,0.0,,,,,0.0,,,0.0,,,,,,,,0.0,,0.0,0.0332774885066811,,,0.0,0.0,0.05,,0.0,,,,,,0.0,0.0,,,,,,,0.0,,0.0,,0.0,,,,,,,,,,0.0,,,,0.0,,,,,0.0,,,,,,,,0.05,0.0,0.0,0.0,,0.0,0.0,,,0.0,,,0.0,,0.0,0.0,,,,,,0.0,,0.0,,0.0,,,,0.0,0.0,0.05,,,,,,,0.0,
2015-09-30,0.0,0.0149931264095533,0.0035970425770934,,0.0,0.0,0.0,0.0,0.0,0.0305957873088647,0.0,,0.0,0.0,0.05,0.0349070131580201,,0.0,,,0.0,,,,0.0,0.0,0.0,0.0,0.05,0.0118489702660765,,0.0,,0.0,,,,,,,0.0,0.0,0.0,,0.0,,0.0,0.0,,0.0,,0.0007297970182216,,0.0,,0.0449221175109373,,0.0,,,0.0,0.0,,0.0,0.0,0.0,,0.0,0.0,,,,,0.0,,,0.0,,,0.05,0.0,,0.0,0.0,,0.0,0.0099595837781546,,0.0,0.0,,,,,,,,0.0,0.0,,0.0,0.0499999999999963,0.0,,0.0,0.0,,0.0,,,,0.0,,0.0,0.0231380055701386,0.0,,,0.0,,0.05,,0.0210044901564423,,0.0,,,0.031126473499395,0.0,,,,0.0,0.0,,,0.0,,0.0,,0.0,,,0.0,,,,,0.0,0.0,0.0,,,,0.0,,,0.0,,0.0,,0.0,,0.0,0.0,0.0,,,,0.0,,,0.0,0.0,0.0,,,,,,0.0,,,,,0.0,,0.0,0.0,0.0,0.0,0.0,,0.0,,0.0,,0.0,,,,0.0,,0.0,,,,,,,,,0.0,0.0,,0.0,,,,0.0,,0.0,0.0,,0.0,,,0.0,,,0.0,0.0,,,,,0.0,0.0,,,,0.0,,0.0,,0.05,,,,0.05,0.05,0.0,,0.0218704857030402,,0.0,,,,0.0,,0.0,,0.0,0.0,0.0,0.0,,0.0,,0.0,,,,0.016023518928824,,0.0,0.0,,0.0,,,,,,0.0,,0.0085133538577565,0.0,0.0,,,,0.0,,,,0.0,0.05,0.0,0.05,0.0,,0.0,0.0,0.0,,0.0,,0.0,,,,,,,0.0,,,0.05,0.0,,,0.0,0.0,,0.0,,0.0,0.0,0.0499999999999992,0.0,0.0,,,,0.0,0.0,,,0.0,,,,0.0,,,,,0.0,,0.0,0.0,,0.0,,,,,,0.0,,0.0,0.025797314399512,,,0.0009729198579736,0.0,0.0,,0.0,0.0,,0.0,,,0.0,0.0,,,,,0.0,0.0,0.0,,0.0,,0.0,,0.0,,,,,,,,0.0,,,,0.0,,,,,0.0,,,0.0,,,,0.0,0.05,0.0,0.0,0.0,,0.0,0.0,,,0.0,,,0.0,,0.0,0.0,,,,,0.0,0.0,0.0,0.0,,0.0,,,,0.0,0.0,0.05,,,,,,,0.0,
2015-12-31,0.0,0.0055657183572364,0.0,,0.0,0.0,0.0,0.0,0.0,0.0,0.0,,0.0,0.0,0.05,0.05,,0.0,,,0.0,,,,0.0,0.0,0.0,0.0,0.0290076146745742,0.0,,0.0,,0.0,,,,,,,0.0,,0.0,,0.0,,0.0,0.0,,0.0,,0.0,,0.0,,0.0,,0.0,,,0.0,0.0,,0.0,0.0,0.0,,0.0,0.0,,,,,0.0,,,0.0,,,0.0499999999999995,0.0,,0.0,0.0,,0.0,0.0,,0.0,0.0,,,,,,,,0.0,0.0,,0.0,0.0499999999999998,0.0,,0.0,0.0,,0.0,,,,0.0,,0.0,0.0163151617774047,0.0,,,0.0,,0.0,,0.0,,0.0,,,0.05,0.0,,,,0.0,0.0,,,0.0,,0.0,,0.0,,,0.0,,,,,0.0,0.0,0.0,,,,0.0,,,0.0,,0.0,,0.0221286914743807,,0.0,0.0,0.0,,,,0.0,,,0.0,0.0,0.0,,,,,,,,,,,0.0,,0.0,0.0,0.0,0.0,0.0,,0.0,,0.0,,,,,,0.0,,0.0,,,,,,,,,0.0,0.0,,0.0,,,,0.0,,0.0,0.0,,0.0,,,0.0,,,0.0,0.0,,,,,0.0,0.0,,0.0,,0.0,,0.0,,0.0303387831707228,,,,0.0499999999999998,0.0499999999999998,0.0,,0.0058679889494699,,0.0,,,,0.0,,0.0,,0.0,0.0499999999999997,0.0,0.0,,0.0,,0.0,,,,0.0262761611623917,,0.0,0.0,,0.0,,,,,,0.0,,0.0274002733069594,,0.0,,0.0,,0.0,,,,0.0,0.0499999999999996,0.0040566093333804,0.0499999999999995,0.0,,0.0,0.0,0.0,,0.0,,0.0,,,,,,,0.0,,,0.05,0.0,,,0.0,0.0,0.0,0.0,,0.0,0.0,0.05,0.0,0.0,,,,0.0,0.0,,,0.0,0.0,,,0.0,,,,,0.0,,0.0,0.0,,0.0,,,,0.0,,0.0,,0.0,0.0499999999999996,,,0.0356148527828393,0.0,0.0,,0.0,0.0,,0.0,,,0.0,0.0,,,,,0.0,0.0,0.0,,0.0,,0.0499999999999997,,0.0,,,,,,,,0.0,,,,0.0,,,,,0.0,,,0.0,,,,0.0,0.0474281450106436,0.0,0.0,0.0,,0.0,0.0,,,0.0,,,0.0,,0.0,0.0,,,,,0.0,0.0,0.0,0.0,,0.0,,,,0.0,0.0,0.0499999999999988,,,,,,,0.0,
2016-03-31,0.0,0.0,0.0,,0.0,0.0,0.0,0.0,0.0,0.0311074783116506,0.0408311702379501,,0.0,0.0,0.05,0.05,,0.0,,,0.0,,,,0.0,0.0,0.0,0.0,0.0276282604269847,0.0,,0.0,,0.0,,,,,,,0.0,0.0,0.0,,0.0,,0.0,0.0,,0.0,,0.0044975929478926,,0.0,,0.0094698818851901,,0.0,,,0.0,0.0,,0.0,0.0,0.0,,0.0,0.0,,,,,0.0,,,0.0,,,0.05,,,0.0,0.0,,0.0,0.0095389083558857,0.0,0.0,0.0,,,,,,,,0.0,0.0,,0.0,0.05,0.0,,0.0,0.0,,0.0,,,,0.0,,0.0,0.0,0.0,,,0.0,,0.0,,0.0,,0.0,,,0.0013170200644248,0.0,0.049999999999998,,,0.0,0.0,,,0.0,,0.0,,0.0,,,0.0,,,,,0.0,0.0,0.0,,,,0.0,,,0.0,,0.0,,0.0,,0.0,0.0,0.0,,,0.0,0.0,,,0.0,0.0,0.0,,,,,,,,,,,0.0,,0.0,0.0,0.0,0.0,0.0,,0.0,,0.0,,,,,,0.0,,0.0,,,,,,,,,0.0,0.0,,0.0,,,,0.0,,0.0,0.0,,0.0,,,0.0,,,0.0,,,,,,0.0483734617947668,,,0.0,,0.0,,0.0,,0.0,,,,0.05,0.05,0.0,,0.0,,0.0,,,,0.0,,0.0,,0.0,0.0066533296560024,0.0,0.0,,0.0,,0.0,,,,0.05,,0.0,0.0,,0.0,,,,,,0.0,,0.0499999999999994,,0.0,,0.0,,0.0271625505723083,,,,0.0,0.05,0.0069028581450972,0.0456681851579151,0.0,,0.0,0.0,0.0,,0.0,,0.0,,,,,,,0.0,,,0.0333812893988808,0.0,,,0.0,0.0,0.0,0.0,,0.0,0.0,0.0499999999999985,0.0,0.0,,,,0.0,0.0,,,0.0,0.0,,,0.0,,,,,0.0,,0.0,0.0,,0.0,,,,0.0,,0.0,,0.0,0.05,,,0.0,0.0,0.0,,0.0,0.0,,0.0,,,0.0,0.0,,,,,0.0,0.0,0.0,,0.0,,0.05,,0.0,,,,,,,,0.0,,,,0.0,,,,,0.0,0.0,,0.0,0.0,,0.0,0.0,0.0,0.0,0.0,0.0,,0.0,0.0,,,0.0,,,0.0,,0.0,0.0074680130450539,,,,,0.0,0.0,0.0,0.0,,0.0,,,,0.0,0.0,0.05,,,,,,,0.0,
2016-06-30,0.0,0.0,0.0,,0.0,0.0,0.0,0.0,0.0,0.05,0.0,,0.0,0.0,0.05,0.05,0.0,0.0,,,0.0,,,,0.0,0.0,0.0,0.0,0.0181609935118511,0.0,,0.0,,0.0,,,,,,,0.0,0.0,0.0,,0.0,,0.0,0.0,,0.0,,,,0.0,,0.0002852162633751,,0.0,0.0,,0.0,0.0,,0.0,0.0,0.05,,0.0,0.0,,,,,0.0,,,0.0,,,0.05,,,0.0,0.0,,0.0,0.0280485502051493,0.0,0.0,0.0,,0.0,,,,,,0.0,0.0,,0.0,0.05,0.0,,0.0,0.0,,0.0,,,,0.0,,0.0,0.0,0.0,,,0.0,,0.0,0.0480152158993869,0.0,,0.0,,,0.0,0.0,0.0499999999999986,,,0.0,0.0,,0.0,0.0,,0.0,,0.0,,,0.0,,,,,0.0,0.0,0.0,,0.0,,0.0,,,0.0,,0.0,,0.0,,0.0,0.0,0.0,,,0.0,0.0,,,0.0,0.0,0.0,,,,,,,,,,0.0,0.0,,0.0,0.0,0.0,0.0,0.0,,0.0,,0.0,,,,,,0.0,,0.0,,0.0,,,,,0.0,,0.0,0.0,,0.0,,,,0.0,,0.0,0.0,,0.0,,,0.0,,,0.0,,,,,0.0,0.05,,,0.0,,0.0,,0.0,,0.0,,,0.0,0.0219296853454385,0.0499999999999996,0.0,,0.0,,0.0,,,,0.0,,0.0,,0.0,0.0084806629820935,0.0,0.0,,0.0,,0.0,,,,0.0,,0.0,0.0,,0.0,,,,,,0.0,,0.0442679884195142,,0.0,,0.0,,0.034119268892948,,,,0.0,0.0499999999999981,0.0,0.05,0.0,,0.0,0.0,0.0,0.0,0.0388439718728614,,0.0,,,,,,,0.0,,,0.0,0.0,,,0.0,0.0,0.0,0.0,,0.0,0.0,0.05,0.0,0.0,,,0.0,0.0,0.0,,,0.0,0.0241347384097364,,,0.0,,,,,0.0,,0.0,0.0,,0.0,,,,0.0,,0.0,,0.0,0.0499999999999986,,,0.0,0.0,0.0,,0.0,0.0,,0.0,,,0.0,0.0,0.0,,,,0.0,0.0,0.0,,0.0,,0.0337137081976506,,0.0,,,,,,,,0.0,,,,0.0,,,,,0.0,0.0,,0.0,0.0,,,0.0,0.0,0.0,0.0,0.0,,0.0,0.0,,,0.0,,,0.0,,0.0,0.0,,,,,0.0,0.0,0.0,0.0,,0.0,,,,0.0,,0.0499999999999993,,,,,,,0.0,
2016-09-30,0.0,0.0,0.0,,0.0,0.0,0.0,0.0,0.0,0.0,0.0,,0.0026503567081001,0.0,0.05,0.0,0.0,0.0,0.0,,0.05,,,,0.0,0.0,0.0,0.0,0.0073590865500092,0.0,,0.0,,0.0,,,,,,,0.0,0.0,0.0,,0.0,,0.0,0.0,,0.0,,,,0.0,,0.0499999999999962,,0.0,,,0.0,0.0,,0.0,0.0,0.0296238395962257,,0.0,0.0,,,,,0.0,,,0.0,,,0.05,,,0.0,0.0,,0.0,0.0,0.0,0.0,0.0,0.0016073631846882,0.0,,,,,,0.0,0.0,,0.0,0.05,0.0,,0.0,0.0,,0.0,,,,0.0,,0.0207277722308717,0.0,0.0,,0.0040515775117254,0.0,,0.0,0.0346565672827574,0.0,,0.0,,,0.0072418744753649,0.0,0.0011185707607976,,,0.0,0.0,,0.0,0.0,,0.0,,0.0,,0.0,0.0,,,,,0.0378992702697587,0.0,0.0,,0.0,,0.0,,,0.0,,0.0,,0.0,,0.0,0.0,0.0,,,0.0,0.0,,,0.0,0.0,0.0,,,,,,,,,,0.0,0.0237407441827475,,0.0,0.0,0.0,0.0,0.0,,0.0,,0.0,,,0.0,,,0.0,,0.0,,0.0,,,,,,,0.0,0.0,,0.0,,,,0.0,,0.0103149098940416,0.0,,0.0,,,0.0,,,0.0,,,,,0.0,0.05,,,0.0,,0.0499999999999969,,0.0,,0.0204125745646916,,,0.0,0.0,0.0499999999999952,0.0,0.0004664715417973,0.05,,0.0,,,0.0,0.0,,0.0,,0.0,0.0,0.0,0.0,,0.0,,0.0,,,,0.0,,0.0,0.0,,0.0,,,,,,0.0,,0.0228754339896307,,0.0,0.0,0.0,,0.0036691759782835,,,,0.0,0.0499999999999931,0.0,0.0499999999999953,0.0,,0.0,0.0,0.0,0.0,0.05,,0.0,,,,,,,0.0,,,0.0,0.0,,,,0.0,0.0,0.0,,0.0,0.0,0.05,0.0,0.0,,,0.0,0.0,0.0,,,0.0,0.0,,,0.0,,,,,0.0,,0.0,0.0,,0.0,,,,0.0,,0.0,,0.0,0.0499999999999962,,,0.0,0.0,0.0,,0.0,0.0,,0.0,,,0.0,0.0,0.0,,,,0.0,0.0,0.0,,0.0,,0.0499999999999953,,0.0,,,,,,,,0.0,,,,0.0,,,,,0.0,0.0,,0.0,0.0,,,0.0,0.0052811237882566,0.0,0.0,0.0,,0.0,0.0,,,0.0,,,0.0,,0.0,0.0,,,,,0.0,0.0,0.0,0.0,,0.0163032874902829,,,,0.0,,0.0,,,,,,,0.0,
2016-12-31,0.0,0.0,0.0,,0.0,0.0,0.0,0.0,0.0,0.0,0.0,,0.05,0.0,0.05,0.0,0.0,0.0,0.0,,0.05,,,,0.0,0.0,0.0,0.0,0.0,0.0,,0.0,,0.0,,,,,,,0.0,0.0,0.0,,0.0,,0.0,0.0,,0.0,,,,0.0,,0.05,,0.0,,,0.0,0.0,,0.0,0.0082338118752623,0.031944963890399,,0.0,0.0,,,,,0.0,,,0.0,,,0.0070622396186679,,,0.0,0.0,,0.002580212923156,0.0,0.0,0.0,0.0,0.0045018434698848,0.0,,,,,,0.0,0.0,,0.0290695427606925,0.05,0.0,,0.0,0.0,,0.0,,,,0.0088904632680551,,0.0,0.0,0.0,,0.0,0.0,,0.0043527093450418,0.05,0.0,,0.0,,,0.0,0.0,0.012363196933266,,,0.0,0.0,,0.0,0.0,,0.0074890642170485,,0.0,,0.0,0.0,,,,,0.05,0.0,0.0,,0.0,,0.0,,,0.0,,0.0,,0.0,,0.0,0.0,0.0,,,0.0,0.0,,,0.05,0.0,0.0,,,,,,,,,,0.0,0.0225058089933801,,0.0,0.0,0.0,0.0,0.0,,0.0,,0.0,,,0.0,,,0.0,,0.0,,0.0,,,,,,,0.0,0.0,,0.0,,,,0.0,,0.0,0.0,,0.0,,,0.0,,,0.0,,,,,0.0,0.0047562955404467,,,0.0,,0.05,,0.0,,0.0,,,0.0,0.0,0.05,0.0,0.0,0.038656982533299,,0.0,,,0.0,0.0,,0.0,,0.0,,0.0,0.0,,0.0,,0.0,,,,0.0,,0.0,0.0,,0.0,,,,,,0.0,,0.0,,0.0,0.0,0.0,,0.0,,,,0.0,0.0,0.0,0.05,0.0,,0.0,0.0,0.0017938966277248,0.0,0.05,,0.0,,,,,,,0.0,,0.0,0.0,0.0,,,,0.0,0.0,0.0,,0.0,0.0,0.05,0.0044854757855429,0.0,,,0.0,0.0,0.0,,,0.0,0.0,,,0.0,,,,,0.0,,0.0,0.0,,0.0,,,,0.0,,0.0,,0.0,0.05,,,0.0,0.0,0.0,,0.0,0.0,,0.0,,,0.0,0.0,0.0,,,,0.0,0.0,0.0,,0.0,,0.020621466047979,,0.0,,,,,,,,0.0,,,,0.0,,,,,0.0,0.0,,0.0,0.0,,,0.0,0.0385811891404952,0.0,0.0021108370296578,0.0,0.0,0.0,0.0,,,0.0,,,0.0,,0.0,0.0,,,,,0.0,0.0,0.0,0.0,,0.05,,,,0.0,,0.0,,,,,,,0.0,
2017-03-31,0.0,0.0,0.0,,0.0,0.0,0.0030205297959201,0.0,0.0,0.0,0.0,,0.0499999999999969,0.0,0.05,0.0,0.0,0.0,0.0,,0.05,,,,0.0,0.0,0.0,0.0,0.0,0.0,,0.0,,0.0,,,,,,,0.0,,0.0139464892702634,,0.0,,0.0,0.0,,0.0,,,,0.0,,,,0.0,,,0.0,0.0,,0.0,0.0,0.0404190366222828,0.0,0.0,0.0,,,,,0.0,,,0.0,,,0.0,,,0.0,0.0,,0.0,0.0,,0.0,0.0,0.0,0.0,,,,,,0.0,0.0,,0.05,0.0499999999999974,0.0,,0.0,0.0,,0.0,,,,0.0499999999999967,,0.0,0.0,0.0,,0.0,0.0,,0.0,0.05,0.0,,0.0,,,0.006002520088228,0.0,0.0,,,0.0,0.0,,0.0,0.0,,0.0,,0.0,,0.0,0.0,,,,,0.0037954356862948,0.0,0.0,,0.0,,0.0,,,0.0,,0.0,,0.0,,0.0,0.0,0.0,,,0.0,,,,0.0499999999999968,0.0,0.0,,,,0.0,,,,,,0.0,0.0,,0.0,0.0,0.0,0.0,0.0,,0.0,,0.0,,,0.0,,,0.0,,0.0,,0.0,,,,,,,0.0,0.0,,0.0,,,,0.0,,0.0,0.0,,0.0,,,0.0,,,0.0,,,,,0.0,0.0231537017694286,,,0.0,,0.0499999999999988,,0.0,,0.0,,,0.0,0.0499999999999998,0.0456269668857786,0.0,0.0,0.0312408440809575,,0.0,,,0.0,0.0,,0.0,,0.0,,0.0,0.0,,0.0,,0.0,,,,0.0,,0.0,0.0,,0.05,,,,,,0.0,,0.0,,0.0160929980451413,0.0,0.0,,0.0,,,,0.0,0.0,0.0,0.0,0.0,,,0.0,0.0,0.0,0.0,,0.0,,,,,,,0.0,,0.0,0.0,0.0,,,,0.0,,0.0,,0.0,0.0,0.0499999999999995,0.0,0.0,,,0.0499999999999965,0.0,0.0,,,0.0,0.0,,,0.0,,,,,0.0,,0.0,0.0,,0.0,,,,0.0,,0.0,,0.0,0.0336490536021507,,,0.0,0.0,0.0,,0.0,0.0,,0.0,0.049999999999998,,0.0,0.0,0.0,,,,0.0,0.0,0.0,,0.0,,0.0,,0.0,,,,,,,,0.0,,,,0.0,,,,,0.0,0.0,,0.0,0.0,,,0.0,0.0,0.0,0.0044439908420195,0.0,0.0,0.0,0.0,,,0.0,,,0.0,,0.0,0.0,,,,,0.0,0.0,0.0,0.0,,0.0448002589168454,,,,0.0,,0.0,,,,,,,0.033808174394708,
2017-06-30,0.0,0.042246480182903,0.0,,0.0,0.0030193541514228,0.0,0.0,,0.0,0.0,,0.0499999999999986,0.0,0.05,0.00602300267883,0.0,0.0,0.0,0.0,0.05,,,,0.0,0.0,0.0,0.0,0.0,0.0,,0.0,,0.0,,,,,,,0.0,,0.0154615270615996,,0.0,,0.0,0.0,,0.0,,,,0.0,,,,0.0,,,0.0,0.0,,0.0,0.0065736595500991,0.0,0.0,0.0,0.0,,,,,0.0033790175210969,,,0.0,,,0.0,,,0.0,0.0,,0.0,0.0,0.0,0.0,0.0,0.0,0.0,,,,,,0.0,0.0,,0.0240887590242015,0.0499999999999991,0.0,,0.0,0.0,,0.0,,,,0.05,,0.0,0.0,0.0,,0.0,0.0,,0.0463895060032465,0.0499999999999999,,,0.0,,,0.0048989390028663,0.0,0.0,,,0.0,0.0,,0.0,0.0,,0.0,,0.0,,0.0,0.0,,,,,0.0,0.0,0.0,,0.0,,0.0,,,0.0,,0.0,,0.0,,0.0,0.0,0.0,,,0.0,,,,0.0499999999999989,0.0,0.0,,,,0.0040173608707924,,,,,,0.0,0.0,,0.0,0.0,0.0,0.0,0.0,,0.0,,0.0,,,0.0,0.0,,0.0,,0.0,,0.0,,,,,,,0.0,0.0,,0.0,,,,0.0,,0.0,0.0,,0.0,,,0.0,,,0.0124649817744858,,0.0,,,0.0,0.05,,,0.0,,0.0499999999999988,,0.0,,0.0,,,0.0,0.0499999999999988,0.0188404382444716,0.0,0.0,0.05,,0.0,,,0.0,0.0,,0.0,,0.0,,,0.0,,0.0,,0.0,,,,0.0,,0.0,0.0,,0.0499999999999999,,,,,,0.0,,0.0257407641475986,,0.0,0.0,0.0043669865152521,,0.0,,,,0.0,0.0,0.0,0.0,0.0,,,0.0,0.0216587721384993,0.0,0.0,,0.0,,,,,,,0.0,,0.0,0.0,0.0,,,,0.0,,0.0,,0.0,0.0,0.0499999999999998,0.0,0.0,,,0.0499999999999995,0.0,0.0,,,0.0,0.0,,,0.0,,,,,0.0,,,0.0,,0.0,,,,0.0,,0.0,,0.0,0.0365010979089435,,,0.0,0.0,0.0,,0.0,0.0,,0.0,0.0,,,0.0,0.0,,,,0.0,0.0,0.0,,0.0,,0.0,,,,,,,,,,0.0,,,,0.0,,,,,0.0,0.0,,0.0,0.0,,,0.0,0.0,0.0,0.0,0.0,0.0,0.0,0.0,,,0.0,,,0.0,,0.0,0.0,,,,,0.0,0.0,0.0,0.0,0.0,0.0243293532236963,,,,0.0,,0.0,,,,,,,0.0,
2017-09-30,0.0,0.0185214371778095,0.0,,0.0,0.0,0.0,0.0,,0.0,0.0,,0.05,0.0,0.05,0.0,0.0,0.0,0.0,0.0,0.05,,,,0.0,0.0,0.0,0.0,0.0,,,0.0,,0.0,,,,,,,0.0,,0.004426343380951,,0.0,,0.0,0.0,,0.0,,,,0.0,,,,0.0,,,0.0,0.0,,0.0,0.0,0.0,0.0096306874130839,0.0,0.0,,0.025471630732357,,,0.0060032826413516,,,0.0,,,0.0,,,0.0,0.0,,0.0,0.0,0.0,0.0,0.0,0.005510815418412,0.0,,,,,,0.0,0.0,,0.0,0.0264624621272203,0.0,,0.0,0.0,,0.0,,,,0.046758179353047,,0.0,0.0,0.0,,0.0,0.0,,0.0495244667158857,0.05,,,0.0,,,0.0,0.0,0.0,,,0.0,0.0,,0.0,0.0,,0.0,,0.0,,0.0,0.0,,,,,0.0211386734423122,0.0,0.0,,0.0,,0.0,,,0.0,,0.0,,0.0,,0.0,0.0,0.0,,,0.0,,,,0.0444001002590843,0.0,0.0,,,,0.0,,,,,,0.0,0.0,,0.0,0.0,0.0,0.0,0.0,,0.0,0.0038750654642299,0.0,,,0.0,0.0,,0.0,,0.0,,0.0,,,,,,,0.0,0.0,,0.0,,,,0.0,,0.0,0.0,,0.0,,,0.0,,,0.0434393852318716,,0.0,,,0.0,0.0229718792386354,,,0.0,,0.05,,0.0,,0.0,,,0.0,0.0053572031184907,0.05,0.0,0.0,0.05,,0.0,,,0.0,0.0,,0.0,,0.0,,,0.0,,0.0,,0.0,,0.0,,0.0,,0.0,0.0,,0.0499999999999989,,,0.0,,,0.0,,0.0286231234461389,,0.0,0.0,0.0129741495594148,,0.0,,,,0.0,0.0,0.0,0.0,0.0,,0.0,0.0,0.0,0.0,0.0,,0.0,,,,,,,0.0,,0.0,0.0,0.0,,,,0.0,,0.0,,0.0,0.0,0.049999999999992,0.0,0.0295350048287076,0.0,,0.0,0.0,0.0,,,0.0,0.0,,,0.0,,,,,0.0,,,0.0,,0.0,,,,0.0,,0.0,,0.0,0.05,,,0.0,0.0,0.0,,0.0,0.0,,0.0,0.0453761104510044,,,0.0,0.0,,,,0.0,0.0,0.0,,0.0,,0.0,,,,,,,,,,0.0,,,,0.0,,,,,0.0,0.0,,0.0,0.0,,,0.0,0.05,0.0,0.0,0.0,0.0,0.0,0.0,,,0.0,,,0.0,,0.0,0.0,,,,,0.0,0.0,0.0,0.0,0.0,0.0,,,,0.0,,0.0,,,,,,,0.0,
2017-12-31,,0.0093195040839488,0.0,,0.0,0.0256113998436371,0.0,0.0,,0.0,0.0,,0.05,0.0,0.05,0.0237627591746168,0.0,0.0,0.0,0.0,0.05,,,,0.0,0.0,0.0,0.0,0.0,,,0.0,,0.0,,,,,,,0.0,,0.0,,0.0,,0.0,0.0,,0.0,,,,0.0,,,,0.0,,,0.0,0.0,,0.0,0.0,0.0056193078010287,0.0,0.0,0.0,,0.05,,,0.0159315254679005,,,0.0,,,0.0,,,0.0,0.0,,0.0,0.0,,0.0,0.0,0.0,0.0,,,,,,0.0,0.0,,0.0,0.05,0.0,,0.0,0.0,,0.0,,,,0.0,,0.0,0.0368777943748529,0.0,,0.0,0.0,,0.0,0.0284222532725229,,,0.0,,,0.0,0.0,0.0,,,0.0,0.0,,0.0,0.0,,0.0,,0.0,,0.0,0.0,,,,,0.0202153603865983,0.0,0.0,,0.0,,0.0,,,0.0,,0.0,,0.0,,0.0,0.0,0.0,,,0.0,,,,0.0201883720885241,0.0,0.0,,,,0.0218473426689924,,,,,,0.0,0.0,0.0,0.0,0.0,0.0,0.0,0.0,,0.0,0.0,0.0,,,0.0,0.0,,0.0,,0.0,,0.0,,,,,,,0.0,0.0,,0.0,,,,0.0321796524391819,,0.0,0.0,,0.0,,,0.0,,,0.0,,0.0,,,0.0,0.0144541698239368,,,0.0,,0.05,,0.0,,0.0,,,0.0,0.05,0.0318728975667341,0.0,0.0,0.05,,0.0,,,0.0,0.0,,0.0,,0.0,,,0.0,,0.0,,0.0,,0.0,,0.0,,0.0,0.0,,0.0499999999999981,,,0.0,,,0.0,,0.0262605760670001,,0.0,0.0,0.0,,0.0,,,,0.0,0.0,0.0,0.0199236584641223,0.0,,,0.0,0.0,0.0,0.0,,0.0,,,,,,,0.0,,0.0,0.0,0.0,,,,0.0,,0.0,,0.0,0.0,0.05,0.0,0.0499999999999998,0.0,,0.0,0.0,0.0,,,0.0,0.0,,,0.0,,,,,0.0,,,0.0,,0.0,,,,0.0,,0.0,,0.0,0.0,,,0.0,0.0,0.0,,0.0,0.0,,0.0,0.0381881775821138,,,0.0,0.0,,,,0.0,0.0,0.0,,0.0,,0.0,,,,,,,,,,0.0,,,,0.0,,,,,0.0,0.0,,0.0,0.0,,,0.0,0.0293252488942897,0.0,0.0,0.0,0.0,0.0,0.0,,,0.0,,,0.0,,0.0,0.0,,,,,0.0,0.0,0.0,0.0,0.0,0.05,,,,0.0,,0.0,,,,,,,0.0,
2018-03-31,,0.0,0.0,,0.0,0.031535113795459,0.0,0.0,,0.0,0.0,,0.0499999999999988,0.0,0.0499999999999992,0.0,0.0,0.0,0.0,0.0,0.0499999999999996,,,,0.0,0.0,0.0,0.0,0.0,,,0.0,,0.0,,,,,,,0.0,,0.0,,0.0,,0.0,0.0,,0.0,,,,0.0,,,,0.0,,,0.0,0.0,,0.0,0.0175081927636675,0.0094850188615322,0.0,0.0,0.0,,0.0,,,0.0496957162146943,,,0.0,,,0.0,,0.0,0.0,0.05,,0.0,0.0,,0.0,0.0,0.0,0.0,,,,,,0.0,0.0,,0.0,0.05,0.0,,0.0,0.0,,0.0,,,,0.05,,0.0,0.0108422623570283,0.0,,0.0,0.0,,0.0021755563904063,0.0408983510077558,,,0.0,,,0.0,0.0,0.0,,,0.0,0.0,,0.0,0.0,,0.0,,0.0,,0.0,0.0,0.0,,,,0.0342564780367364,0.0053751348280131,0.0,,0.0,,0.0,,,0.0,,0.0,,0.0,,0.0,0.0,,,,0.0,,,,,0.0,0.0,,,,0.0,,,,,,0.0,0.0,0.0,0.0,0.0,0.0,0.0,0.0008992208549831,0.0,0.0,0.0,0.0,,,0.0,0.0,,0.0,,0.0,,0.0,,,,,,,0.0,0.0,,0.0,0.0,,,0.0369532029925615,,0.0,0.0,,0.0,,0.0,0.0,,,0.0222918594125409,,0.0,,,0.0,0.0414130868147645,,,0.0,,0.05,,0.0,,0.0017505277187608,,,0.0,0.05,,0.0,0.0,0.0292026629855429,,0.0,,,0.0,0.0376882495250444,,0.0,,0.0,,,0.0,,0.0,,0.0,,0.0,,0.0,,0.0,0.0,,0.0419619458878264,,,0.0,,,0.0,,0.0076778849219073,,0.0,0.0,0.0,,0.0,,,,0.0,0.0,0.0,0.05,0.0,,,0.0,0.0,0.0,0.0,,0.0,,,,,,,0.0,,0.0,0.0,0.0,,,,0.0,,0.0,,0.0,0.0,0.05,0.0,0.0,0.0,,0.0,0.0,0.0,,,0.0,0.0,,,0.0,,,,,0.0,,,0.0,,0.0,,,0.0,0.0238223328951997,,0.0,,0.0,0.0185988791443489,,,0.0,0.0,0.0,,0.0,0.0,,0.0,0.0,,,0.0,0.0,,,,0.0,0.0,0.0,,0.0,,0.0,,,,,,,,,,0.0,0.0,,,0.0,,,,,0.0,0.0,,,0.0,,,0.0,0.0109710075055732,0.0,0.0,0.0,0.0,0.0,0.0,,,0.0,,,0.0,,0.0,0.0,,,,,0.0,0.0,0.0,0.0,0.0,0.0249973150856546,,,,,,0.0,,,0.0,,,,0.0,
2018-06-30,,0.0,0.0,,0.0,0.044889461218482,0.0,0.0,,0.0,0.0,,0.05,0.0,0.0361014792537788,0.0,0.0,0.0,0.0,0.0,0.05,,,,0.0,0.0,0.0,0.0,0.0,,,0.0,,0.0,,,,,,,0.0,,0.0,,0.0,,0.0,0.0,,0.0,,,,0.0,0.039970260020126,,,0.0,,,0.0,0.0,,0.0,0.0,0.0,0.0,0.0,0.0,,0.0,,,0.0499999999999999,,,0.0,,,0.0072533179832278,,0.0,0.0,0.0,,0.0,0.0,,0.0,0.0,0.0,0.0118152285973171,,0.0,,,,0.0,0.0,,0.0,0.05,0.0,,0.0,0.0,,0.0,,,,0.0,,0.0,0.0175834550390505,0.0,,0.0,0.0,,0.0,0.0499999999999889,,,0.0,,,0.0,0.0,0.0,,,0.0,0.0,,0.0,0.0,,0.0,,0.0,,0.0,0.0,0.0,,,,0.0499999999999995,0.0237746623259155,0.0,,0.0,,0.0,,,0.0,0.0,0.0,,0.0,0.0,0.0,0.0,,,,0.0,,,,,0.0,0.0,,,,0.0,,,,,,0.0,0.0,0.0,0.0,0.0,0.0,0.0,0.0,0.0,0.0,0.0,0.0,,,0.0,0.0,,0.0,,0.0,,0.0,,,,,,,0.0,0.0,,0.0,0.0,,,0.0,,0.0,0.0,,0.0,,0.0,0.0,,,0.0160119849873565,,0.0,,,0.0,0.0096886262256607,,,0.0,,0.0499999999999976,,0.0,,0.0,,,0.0,0.0499999999999997,,0.0,0.0,0.0390604849714538,,0.0,,,0.0,0.007621476958813,,0.0,,0.0,,,0.0,,0.0,,0.0,,0.0,,0.0,,0.0,0.0,,0.0160358276691581,,,0.0,,,0.0,0.0499999999999972,0.0470854806631934,,0.0,0.0,0.0002471343533616,,0.0,,,,0.0,0.0,0.0,0.0272890384022647,0.0,,,0.0,0.0,0.0,0.0,,0.0,,,,,,,0.0,,0.0,0.0402786464507553,0.0,,,,0.0,,0.0,,0.0,0.0,0.05,0.0,0.033247286972465,0.0,,0.0,0.0,0.0,,,0.0,0.0,,,0.0,,,,,0.0,,,0.0,,0.0,0.0,,0.0,0.0484162481075674,,0.0,,0.0,0.0223086000822198,,,0.0,0.0,0.0,,0.0,0.0,,0.0,0.0,,,0.0,0.0,,,0.0,0.0,0.0,0.0,,0.0,,0.0044785955364175,,,,,,,,,,0.0,0.0,,,0.0,,,,,0.0,0.0,,,0.0,,,0.0,0.0,0.0,0.0,0.0,0.0,0.0,0.0,,,0.0,,,0.0,,0.0,0.0068427041814315,,,,,0.0,0.0,0.0,0.0,0.0,0.0,,,,,,0.0,,,0.0,,,,0.0,
2018-09-30,,0.0,0.0,,0.0,0.05,0.0007164175194226,0.0,,0.0,0.0161654875455991,,0.0499999999999998,0.0,0.0499999999999997,0.0409902064996734,0.0,0.0,0.0,0.0,0.0286737181119027,,,,0.0,0.0,0.0,0.0,0.0365083705039456,,,0.0,,0.0,,,,,,,0.0,,0.0,,0.0,,0.0,0.0,,0.0,,,,0.0,0.0148292385205874,,,0.0,,,0.0,0.0,,0.0,0.0,0.0,0.0,0.0,0.0,,0.0,,,0.0465373642550693,,,0.0,,,0.0,,0.0,0.0,0.0,,0.0,0.0,0.0,0.0,0.0,0.0,0.0005395125373305,,,0.05,,,0.0,0.0,,0.0,0.05,0.0,,0.0,0.0,,0.0,,,,0.0,,0.0,0.0,0.0,,0.0,0.0,,0.0499999999999994,,,,0.0,,,0.0,0.0,0.0016482715884766,,,0.0,0.0,,0.0,0.0,,0.0,,0.0,,0.0,0.0,0.0,,,,,0.0085107290876637,0.0,,0.0,,0.0,,,0.0,0.0,0.0094889061692467,,0.0,0.0,0.0103515600036177,0.0,,,,0.0,,,,,0.0,0.0,,,,0.0,,,,,,0.0,0.0,0.0,0.05,0.0,0.0,0.0,0.0,0.0,0.0,0.0,0.0,,,0.0,0.0,,0.0,,0.0,,0.0,,,,,,,0.0,0.0,,0.0,0.0,,,0.0,,0.0,0.0,,0.0,,0.0,0.0,,,0.0,,0.0,,,0.0,0.0112169303509282,,,0.0,,0.05,,0.0,,0.0,,,0.0,0.0499999999999993,,0.0,0.0,0.0,,0.0,,,0.0,0.0,,0.0,,0.0,,,0.0,,0.0,,0.0,,0.0,,0.0,,0.0,0.0,,0.0499999999999999,,,0.0,,,0.0,0.0346465359428534,0.0457139369477728,,0.0,0.0,0.0,,0.0,,,,0.0,0.0,0.0,0.0,0.0,,,0.0,0.0,0.0,0.0,,0.0,,,,,,,0.0,,0.0,0.05,0.0,,,,0.0,0.0,0.0,,0.0,0.0,0.05,0.0,0.0073967874983986,0.0,,0.0,0.0,0.0,,,0.0,0.0,,0.0,0.0,0.0,,,,0.0,,,0.0,,0.0,0.0,,0.0,0.0028679361664623,,0.0,,0.0,0.0419923194288199,,,0.0,0.0,0.0,,0.0,0.0,,0.0,0.0,,,0.0,0.0,,,0.0,0.0,0.0,0.0,,0.0,,0.0,,,,,,,,,,0.0,0.0,,,0.0,,,,,0.0,0.0,,0.0,0.0,,,0.0235761757797571,0.0176295955424729,0.0,0.0,0.0,0.0,0.0,0.0,,,0.0,,,0.0,,0.0,0.0,,,,,0.0,0.0,0.0,0.0,0.0,0.0,,,,,,0.0,,,0.0,,,,0.0,
2018-12-31,,0.0,0.0,,0.0,0.0210924886544953,0.0458767080307216,0.0,,0.0499999999999936,0.0,,0.0499999999999973,0.0,0.05,0.0156479895220587,0.0,0.0,0.0,0.0,0.0,,,,0.0,0.0,0.0,0.0,0.0,,,0.0,,0.0,,,,,,,0.0,,0.0,,0.0,,0.0,0.0,,0.0,,,,0.0,0.0,,,0.05,,,0.0,0.0,,0.0,0.0,0.0,0.0,0.0,0.0,,0.0,,,0.0207058139826056,,,0.0,,,0.025436003207145,,0.0,0.0,0.0472090276967527,,0.0,0.0,,0.0,0.0,0.0,0.0,,,,,,0.0,0.0,,0.0,0.05,0.0,,0.0,0.0,,0.0,0.0,,,0.0,,0.0,0.0,0.0,,0.0,0.0,,0.0071826033283798,,,,0.0,,,0.0,0.0,0.0,,,0.0,0.0,,0.0,0.0,,0.0,,0.0,,0.0,0.0,0.0,,,,,0.0,0.0,,0.0053594938395773,,0.0,,,0.0,0.0291142868373298,0.0,,0.0,0.0,0.0,0.0,0.0,,,0.0,,0.05,,,0.0,0.0,,,,0.0394000090020843,,,,,,0.0,0.0,0.0,0.0,0.0,0.0,0.0,0.0,0.0,0.0,0.0,0.0,,,0.0016230848324254,0.0,,0.0,,0.0,,0.0,,,,,,,0.0,0.0,,0.0,0.0,,,0.0,,0.0,0.0,,0.0,,0.0,0.0,0.0,,0.0,,0.0,,,0.0,0.0,,,0.0,,0.0499999999999984,,0.0,,0.0,,,0.0,0.0499999999999989,,0.0,0.0,0.0,,0.0,,,0.0,0.0,,0.0,,0.0,,,0.0,,0.0,,0.0,,0.0,,0.05,,0.0,0.0,,0.044059202557213,,,0.0,,,0.0,0.0,0.0203383603998033,,0.0,0.0,0.0,,0.0,,,,0.0,0.0,0.0,0.0,0.0,,,0.0,0.0,0.0,0.0,,0.0,,,,,,,0.0,,0.0,0.05,0.0,,,,0.0,,0.0,,0.0,0.0,0.05,0.0,0.0,0.0,,0.0,0.0,0.0,,,0.0,0.0,,0.0,0.0,0.0,,,,0.0,,,0.0,,0.0,0.0,,0.0,0.0,,0.0,,0.0,0.0499999999999987,,,0.0,0.0,0.0,,0.0,0.0,,0.0,0.0,,,0.0,0.0,,,0.0,0.0,0.0,0.0,,0.0,,0.0,,,,,,,,,,0.0,0.0,,,0.0,,,,,0.0,0.0,,0.0,0.0,,,0.0319834391789889,0.0,0.0,0.0,0.0,0.0,0.0,0.0,,,0.0,,,0.0,,0.0,0.0449714889304315,,,,,0.0,0.0,0.0,0.0,0.0,0.0,,,,,,0.0,,,0.0,,,,0.0,
2019-03-31,,0.0,0.0,,0.0,0.0,0.0,0.0,,0.05,0.03832585359534,,0.05,0.0,0.0499999999999978,0.05,0.0,0.0,0.0,0.0,0.05,,,,0.0,0.0,0.0,0.0,0.0,,,0.0,,0.0,,,,,,,0.0,,0.0,,0.0,,0.0,0.0,,0.0,,,,0.0,0.0,,,0.0258367821891933,,,0.0,0.0,,0.0,0.0,0.05,0.0,0.0,0.0,,0.0332533133170993,,0.0,0.0490928174604926,,,0.0,,,0.05,,0.0,0.0,0.0,,0.0,0.0,,0.0,0.0,0.0,0.0,,,,,,0.0,0.0,,0.0,0.0,0.0,,0.0,0.0,,0.0,0.0,,,0.0,,0.0,0.0,0.0,,0.0,0.0,,0.041440363769685,,,,0.0,,,0.0,0.0,0.0,,,0.0,0.0,,0.0,0.0,,0.0,,0.0,,0.0,0.0,0.0,,,,,0.0,0.0,,0.0,,0.0,,,0.0,0.0,0.0,,0.0,0.0,0.0,0.0,,,,0.0,,0.0349600260526446,,,0.0,0.0,,,,0.0401268737510414,,,,,,0.0,0.0188018028282263,0.0,0.0,0.0,0.0,0.0,0.0158327983091754,0.0,0.0,0.0,0.0,,,0.0117940492613245,0.0,0.0,0.0,,0.0,,0.0,0.0,,,,,,0.0,0.0,,0.0,0.0,,,0.0,,0.0,0.0,,0.0,,0.0,,0.0,,0.0,,0.0,,,0.0,0.0,,0.0,0.0,,0.05,,0.0,,0.0,,,0.0,0.0499999999999936,,0.0,0.0,0.0,,0.0,,,0.0,0.0,,0.0,,0.0,,,0.0,,0.0,,0.0,,0.0,,0.0032509914923837,,0.0,0.0,,0.0,,,0.0,,,0.0,,0.0091823267415086,,0.0,0.0,0.0,,0.0,,,,0.0,0.00638629259409,0.0,0.0,0.0,,,0.0,0.0,0.0,0.0,,0.0,,,,,,,0.0,,0.0,0.0499999999999992,,,,,0.0,,0.0,,0.0,0.05,0.05,0.0,0.0,0.0,,0.0,0.0,0.0,,,0.0,0.0,0.0,0.0,0.0,0.0,,,,0.0,,,0.0,,0.0,0.0,,0.0,0.0,,0.0,,0.0,0.05,,,,0.0,0.0,,0.0,0.0,,0.0,0.0,,,0.0,0.0,,,0.0,0.0,0.0,0.0,,0.0,,0.0,,,,,,,,0.0,,0.0,0.0,,,0.0,,,,,0.0,0.0,,,0.0,,,0.0,0.0,0.0,0.0,0.0,0.0,0.0,0.0,,,0.0,,,0.0,,0.0,0.0217157086378038,0.0,,,,0.0,0.0,0.0,0.0,0.0,0.0,,,,,,0.0,,,0.0,,,,0.0,
2019-06-30,,0.0,0.0,,0.0,0.0,0.0,0.0,,0.0092226702071257,0.05,,0.05,0.0,0.0011196198079909,0.0184738430291849,0.0,0.0,0.0,0.0,0.0499999999999996,,,,0.0,0.0,0.0,0.0,0.0,,,0.0,,0.0430914759384133,,,,,,,0.0,,0.0,,0.0,,0.0,0.0,,0.0,,,,0.0,0.0,,,0.0,,,0.0,0.0,,0.0,0.0,0.05,0.0,0.0,0.0,,0.0,,0.0,0.0292840226870203,,,0.0,,,0.0499999999999993,,0.0,0.0011205281616736,0.0099463333470757,,0.0,0.0,,0.0,0.0,0.0,0.0,,0.0,,,,0.0,0.0,,0.0,0.0,0.0,,0.0,0.0,,0.0,0.0,,,0.0,,0.0,0.0,0.0,,0.0,0.0,,0.0,,,,0.0,,,0.0,0.0,0.0163976650195971,,,0.0,0.0,,0.0,0.0,,0.0,,0.0,,0.0,0.0,0.0,,,,,0.0,0.0,,0.0,,0.0,,,0.0,0.0,0.0,,0.0,0.0,,0.0,,,,0.0,,0.0,,,0.0,0.0,,,,0.0,,,,,,0.0,0.0,0.0,0.0,0.0,0.0,0.0,0.0499999999999955,0.0,0.0,0.0,0.0,,,0.0,0.0,0.0,0.0289953584429157,,0.0,,0.0,0.0,,,,,,0.0,0.0,,0.0,0.0,,,0.0,,0.0,0.0,,0.0,,0.0168754163254685,,0.0,,0.0,,0.0,,,0.0,0.0,,0.0,0.0,,0.05,,0.0,,0.0,0.0,,0.0,0.0499999999999979,,0.0,0.0,0.0,,0.0,,,0.0,0.0,,0.0,,,,,0.0,,0.0,,0.0130030491723239,,0.0,,0.05,,0.0,0.0,,0.0,,,0.0,,,0.0,,0.0163032884478294,,0.0,0.0,0.0,,0.0,,,,0.0,0.0,0.0,0.0,0.0,,,0.0,0.0,0.0,0.0,,0.0,,,,,,,0.0,,0.0,0.0499999999999997,,,,,0.0,,0.0,,0.0,0.05,0.0499999999999994,0.0,0.0423510952520308,0.0,,0.0,0.0,0.0,,,0.0,0.0,0.0,0.0,0.0,0.0,,,,0.0,,,0.0,,0.0,0.0,,0.0,0.0,,0.0,,0.0,0.05,,,,0.0,0.0,,0.0,0.0,,0.0,0.0,,,0.0,0.0,,,0.0,0.0,0.0,0.0,,0.0,,0.0057317852783728,,,,,,,,0.0,,0.0,0.0,,,0.05,,,,,0.0,0.0,,,0.0,,,0.0,0.0,0.0,0.0,0.0,0.0,0.0,0.0,,,0.0,,,0.0,,0.0,0.0,0.0,,,,0.0,0.0,0.0,0.0051517688572961,0.0,0.0,,,,,,0.0429320800256888,,,0.0,,,,0.0,0.0
2019-09-30,,0.0,0.0,,0.0,0.0,0.0,0.0,,0.0,0.05,,0.05,0.0,0.0,0.0407776248588429,0.0,0.0,0.0,0.0,0.0,,,,0.0,0.0,0.0,0.0,0.0,,,0.0,,0.0,,,,,,,0.0,,0.0,,0.0,,0.0,0.0,,0.0,,,,0.0,0.0,,,0.0,,,0.0,0.0,,0.0,0.0,0.0499999999999999,0.0,0.0,0.0,,0.0,0.0,,0.0215489178270939,,,0.0,,,0.0499999999999983,,0.0,0.0,0.0184390438802081,,0.0,0.0,,0.0,0.0,0.0,0.0,,,,,,0.0,0.0,,0.0,0.0,0.0,,0.0,0.0,,0.0,0.0,,,0.0,,0.0,0.0,0.0,,0.0,0.0,,0.0,,,,0.0,,,0.0049210818096933,0.0,0.0154932876308506,,,0.0,0.0,,0.0,0.0,,0.0,,0.0,,0.0,0.0,0.0,,,,,0.0,0.0,,0.0284761756703801,,0.0,,,0.0,0.0,0.0,,0.0,0.0,,0.0,,,,0.0,,0.0,,,0.0,0.0,,0.0,,0.0244172554899295,,,,,,0.0,0.0,0.0,0.0,0.0,0.0,0.0,0.0499999999999978,0.0,0.0,0.0,0.0,,,0.0,0.0,0.0,0.0481482551871662,,0.0,,0.0,0.0,,0.0,,,,0.0,0.0,,0.0,0.0,,,0.0,,0.0,0.0,,0.0,,0.0,,0.0,,0.0,,0.0,,,0.0,0.05,,0.0,0.0,,0.05,0.0,0.0,,0.0,0.0,,0.0,0.05,,0.0,0.0,0.0,,0.0,,,0.0,0.0,,0.0,,,,,0.0,,0.0,,0.0,,0.0,,0.05,0.0,0.0,0.0,,0.0,,,0.0,,,0.0,,0.0,,0.0,0.0,0.0,,0.0,,,,0.0,0.0,0.0,0.0,0.0,,,0.0,0.0,0.0,0.0,0.0,0.0,0.0,0.0,,,,,0.0,,0.0,0.0,,,,,0.0,,0.0,,0.0,0.0282021088598027,0.0182995717737704,0.0,0.0499999999999941,0.0,,0.0,0.0,0.0,,,0.0,0.0,0.0,0.0,0.0,0.0,,,,0.0,,,0.0,,0.0,0.0,,0.0,0.0,,0.0,,0.0,0.05,,,,0.0,0.0,,0.0,0.0,,0.0,0.0170848333802975,,,0.0,0.0341918436319739,,,0.0,0.0,0.0,0.0,,0.0,,0.0,,,,,0.0,,,0.0,0.05,0.0,0.0,,,0.05,,,,,0.0,0.0,,0.0,0.0,,,0.0,0.0,0.0,0.0,0.0,0.0,0.0,0.0,,,0.0,,,0.0,,0.0,0.0,0.0,,,,0.0,0.0,0.0,0.0,0.0,0.0,,,,,,0.05,,,0.0,,,,0.0,0.0
2019-12-31,,0.0327890834352907,0.0,,0.0,0.0,0.0,0.0,,0.0,0.0036635999631319,,0.0499999999999987,0.0,0.0499999999999995,0.05,0.0,0.0,0.0,0.0,0.05,,,,0.0,0.0,0.0,0.0,0.0,,,0.0,,0.0,,,,,,,0.0,,0.0,,0.0,,0.0,0.0,,0.0,,,,0.0,0.0,,,0.0,,,0.0,0.0,,0.0,0.0,0.0499999999999934,0.0,0.0,0.0,,0.0,0.0458024077301733,,0.0,,,0.0,,,0.0321008728764879,,0.0,0.0,0.0,,0.0,0.0,,0.0,0.0,0.0,0.0,,,,,,0.0,0.0,,0.0,0.0,0.0,,0.0,0.0,,0.0,0.0,,,,,0.0,0.05,0.0,,0.0,0.0,,0.0,,,,0.0,,,0.0,0.0,0.0,,,0.0,0.0,,0.0,0.0,,0.0,,0.0,,0.0,0.0,0.0,,,,,0.0,0.0,,0.05,,0.0,,,0.0,0.0,0.0,,0.0499999999999988,0.0,,0.0,0.0,,,0.0,,0.0,,,0.0,0.0,,0.0,,0.0,,,,,,0.05,0.0,0.0,0.0,0.0,0.0,0.0,0.05,0.0,0.0,0.0,0.0,,,0.0,0.0,0.0,0.0,,0.0,,0.0,0.0,,0.0,,,,0.0,0.0,,0.0,0.0,,,0.0,,0.0,0.0,,0.0,,0.0271730026965265,,0.0,,0.0,,0.0,,,0.0,0.05,,0.0,0.0,,0.0023277064341473,0.0,0.0,,0.0,0.0,,0.0,0.043305389870178,,0.0,0.0,0.0,,0.0,0.0,,0.0,0.0,,,,,,,0.0,,0.0,,0.0,,0.0,,0.0,0.0,0.0,0.0,,0.0,,,0.0,,,0.0,,0.0,,0.0,0.0,0.0,,0.0,,,,0.0,0.0,0.0,0.0,0.0,0.0,,0.0,0.0,0.0,0.0,0.0,0.0,0.0,0.0,,,,,0.0,,0.0,0.0,,,,,0.0331311634287063,,0.0,,0.0,0.0,0.0,0.0,0.05,0.0,,0.0,0.0,0.0,,,0.0,0.0,0.0,0.0,0.0,0.0,,,,0.0,,,0.0,,0.0,0.0,,0.0,0.0,,0.0,,0.0,0.0,,,,0.0,0.0,,0.0,0.0,,0.0,0.0,,,0.0,0.0174407297658193,,,0.0,0.0,0.0,0.0,,0.0,,0.0499999999999971,,,,,0.0,,0.0,0.0,0.0499999999999981,0.0,,,,0.0,,,,,0.0,0.0,,0.0,0.0,,,0.0,0.0,0.0,0.0,0.0,0.0,0.0,0.0,,,0.0,,,0.0,,0.0,0.0,0.0,,,,0.0,0.0,0.0,0.0,0.0,0.0122660437995535,0.0499999999999987,,,,,0.0,,,0.0,,,0.0,0.0,0.0
2020-03-31,,0.05,0.0,,0.0,0.0008415311716382,0.0,0.0,,0.0,0.0,,0.0,0.0,0.05,0.05,0.05,0.0,0.0,0.0,0.05,,,,0.0,0.0,0.0,0.0,0.0,,,0.0,,0.0,,,,,,,0.0,,0.0,,0.0,,0.0,0.0,,0.0,,,,0.0,0.0,,,0.0,,,0.0,0.0,,0.0,0.0,0.05,0.0,0.0,,,0.0,0.0,0.0,0.0,,,0.0,,,0.0,,0.0,0.0,0.0053517938924456,,0.0,0.0,,0.0,0.0,0.0,0.0,,,,,,0.0,0.0,,0.0,0.0,0.0,,0.0,0.0,,0.0,0.0,,,,,0.0,0.05,0.0,,0.0,0.0,,0.0,,,,0.0,,,0.0,0.0,0.0,,,0.0,0.0,,0.0,0.0,,0.0,,0.0,,0.05,0.0,0.0,,,,,0.0,0.0,,0.0,,0.0,,,0.0,0.0,0.0,,0.0407915516859733,0.0,,0.0,,,,0.0,,0.0,,,0.0,0.0,,0.0,,0.0,,,,,,0.0,0.0,0.0,0.0,0.0,0.0,0.0,0.00784799604063,0.0,0.0,0.0,0.0,,,0.0,0.0,0.0,0.0,,0.0,,0.0,0.0075378807278557,,0.0,,,,0.0,0.0,,0.0,0.0,,,0.0,,0.0,0.0,,0.0,,0.0,,0.0,,0.0164832642425278,,0.0,,,0.0,0.05,,0.0,0.0,,0.0,0.0260236444871669,0.0,0.0,0.0,0.0,,0.0,0.05,,0.0,0.0,0.0213113855891672,,0.0,0.0,,0.0,0.0,,,,,,,0.0,,0.0,,0.0,,0.0,,0.0,0.0,0.0,0.0,,0.0,,,0.0,,,0.0,,0.05,,0.0,0.0,0.0,,0.0,,,,0.0,0.0,0.0,0.0023993891918492,0.0,0.0,,0.0,0.0,0.0,0.0,0.0,0.0,0.0,0.0,,,,,0.0,,0.0,0.0,,,,,0.0,,0.0,,0.0,0.0,0.0,0.0,0.05,0.0,,0.0,0.0,0.0,,,0.0,0.0,0.0,0.0,0.0,0.0,,,,0.0,,,0.0,,0.0,0.0,,0.0,0.0,,0.0,,0.0,0.0276162978345172,,,,0.0,0.0,,0.0,0.0,,0.0,0.0,,,0.0,0.0,,,0.0,0.0,0.0,0.0,,0.0,,0.05,,,,,0.0,,0.0,,0.05,0.0,,,,0.0,,,0.0,,0.0,0.0,,,0.0,,,0.0,0.0,0.0,0.0,0.0,0.0,0.0,0.0,,,0.0,,,0.0,,0.0,0.0,0.0,,,,0.0,0.0,0.0,0.0,0.0,0.0437952651362283,0.05,,,,,,,,0.0,,,0.0,0.0,0.05
2020-06-30,,0.0372149298105007,0.0,,0.0,0.0,0.0,0.0,,0.05,0.0,0.0,0.0264262247859689,0.0,0.0,0.05,0.0,0.0,0.0,0.0,0.05,,,,0.0,0.0,0.0,0.0,0.0,,,0.0,,0.0,,,,,,,0.0,,0.0,,0.0,,0.0,0.0,,0.0,0.0,,,0.0,0.0,,,0.0,,,0.0,0.0,,0.0,0.0,0.05,0.0,0.0,,,0.0,0.0,0.0,0.0,,,0.0,,,,,0.0009205629900846,0.0,0.0,,0.0,0.0,,0.0,0.0,0.0,0.0,,,,,,0.0,0.0,,0.0,0.0,0.0,,0.0198358505422835,0.0,,0.0,0.0,,,,,0.0,0.0,0.0,,0.0,0.0,,0.0,,,,0.0,,0.0,0.0,0.0,0.0,,,0.0,0.0,,0.0,0.0,,0.0,,0.0,,0.0241085192356657,0.0,0.0,,,,,0.0,0.0,,0.0,,0.0,,,0.0,0.0,0.0,,0.0,0.0,,0.0,,,,0.0,,0.0046963093227759,,,0.0,0.0,,0.0,,0.0,,,,,,0.0,0.0,0.0,0.0,0.0,0.0,0.0,0.0,0.0,,0.0,,,,0.05,0.0,0.0,0.0,,0.0182290319059721,,0.0,0.0306714658279851,,0.0,,,,0.0,0.0,,0.0,0.0,,,0.0,,0.0,0.0,,0.0,,0.0,,0.0,,0.0,,0.0,,,0.0,0.05,,0.0,0.0,,0.0,0.0,0.0,0.0,0.0,0.0,,0.0,0.05,,0.0,0.0,0.0,,0.0,0.0,,0.0,0.0,,,,,,,0.0,,0.0,0.0,0.0,,0.0,,0.0046549555719304,0.0,0.0,0.0,,0.0,,,0.0,,,0.0,,0.05,,0.0,0.0,0.0,,0.0,,,,0.0,0.0,0.0,0.0,0.0,0.0,,0.0,0.0,0.0,0.05,0.0,0.0,0.0,0.0,,,,,0.0,,0.0,0.0,,,,,0.0,,0.0,,0.0,0.0,0.05,0.0,0.0,0.0,,0.0,0.0,0.0,,,0.0,0.0,0.0,0.0,0.0,0.0,,,,0.0,,,0.0,,0.05,0.0,,0.0,0.0,,0.0,,0.0,0.0,0.0,,,0.0,0.0,,0.0,0.0,,0.0,0.0,0.0343343742461907,,,0.0,,,0.0,0.0,0.0,0.0,,0.0,,0.0,,,,,0.0,,0.0,,0.05,0.0,,,,0.0,,,0.0,,0.0,0.0,0.05,,0.0,,,0.0,0.0,0.0,0.0,0.0,0.0,0.0,0.0,,,0.0,,,0.0,,0.0,0.0089162484274872,0.0,,,,0.0,0.0,0.0,0.0,0.0,0.05,0.05,0.0399915273331545,,,,,,,0.0,,,0.0,0.0,0.0
2020-09-30,,0.0499999999999981,0.0,,0.0,0.0499999999999978,0.0,0.0,,0.0,0.0,0.0,0.0,0.0,0.0,0.0,0.0,0.0,0.0,0.0,0.05,0.0,,,0.0,0.0,0.0,0.0,0.049999999999997,,0.0,0.0,,0.0,,,,,,,0.0,,0.0,,0.0,,0.0,0.0,,0.0,0.0,,,0.0,0.0,,,0.0,,,0.0,0.0,,0.0,0.0,0.05,0.0,0.0,,,0.0,0.0,,0.0,,,0.0,,,,,0.05,0.0,0.0,,0.0,0.0,,0.0,0.0,0.0,0.0,,,,,,0.0,0.0,,0.0,0.0,0.0,,0.0,0.0,,0.0,0.0,,,,,0.0,0.0,0.0,,0.0,0.0,,0.0,,,,0.0,,0.0,0.0,0.0,0.0,,,0.0,0.0,,0.0,0.0,,0.0,,0.0,,0.0,0.0,0.0,,,,,0.0,0.0,,0.0,,0.0,,,0.0,0.0,0.0,,0.0,0.0,,0.0,,,,0.0,,0.0,,,0.0,0.0,,0.0,,0.0,,,,,,0.0,0.0,0.0,0.0,0.0,0.0,0.0,0.0,0.0,,0.0,,,,0.0132583383335487,0.0,0.0,0.0,,0.0,,0.0,0.0,,0.0,,,,0.0,0.0,,0.0,0.0,,,0.0,,0.0,0.0,,0.0,,0.0,,0.0,,0.0,,0.0,,,0.0,0.0499999999999916,,0.0,0.0,,0.0,0.0,0.0,0.0,0.0,0.0,,0.0,0.05,,0.0,0.0,0.0,0.0,0.0,0.0,,0.0,0.0,,,,,,,0.0,,0.0,0.0,0.0,,0.0,,0.05,0.0,0.0,0.0,,0.0,,,0.0,,,0.0,,0.05,,0.0,0.0,0.0,,0.012647034290202,,,,0.0,0.0,0.0,0.0,0.0,0.0,,0.0,0.0,0.0,0.0499999999999949,0.0,0.0,0.0,0.0,,,,,0.0,,0.0,0.0,,,0.0,,0.0314255495407505,,0.0,,0.0,0.0,0.05,0.0,0.0,0.0,,0.0,0.0,0.0,,,0.0,0.0,0.0,0.0,0.0,0.0,,,,0.0,,,0.0,,0.0499999999999959,0.0,,0.0,0.0,,0.0,,0.0,0.0,0.0,,,0.0,0.0,,0.0,0.0,,0.0,0.0392914396395876,0.0,,,0.0,,,0.0,0.0,0.0,0.0,,0.0,,0.0,,,,,0.0,0.0,0.0,0.0,0.05,0.0,,,,0.05,,,0.0,,0.0,0.0,0.0,0.0,0.0,,,0.0,0.05,0.0,0.0,0.0,0.0,0.0,0.0,,,0.0,,,0.0033776381959367,,0.0,0.0,0.0,,,,0.0,0.0,0.0,0.0,0.0,0.05,0.0,0.0499999999999988,,,,,,,0.0,,,0.0,0.0,0.0
2020-12-31,,0.0,0.0,,0.0,0.0,0.0368082132368595,0.0,,0.05,0.0,0.0,0.0,0.0,,0.0,0.0,0.0,0.0,0.0,0.0499999999999994,0.0,,,0.0,0.0,0.0,0.0,0.0085279348349627,,0.0,0.0,,0.0,,,,,,,0.0,,0.0,,0.0,,0.0,0.0,,0.0,0.0,,,0.0,0.0,,,0.0,,,0.0,0.0,,0.0,0.0,0.0499999999999986,0.0,0.0,,0.0,0.0,0.0,,0.0,0.0,,0.0,,,,,0.0,0.0,0.0,,0.0,0.0,,0.0,0.0,0.0,0.0,,,,,,0.0,0.0,,0.0,0.0,0.0,,0.0,0.0,,0.0,0.0,,,,,0.0,0.0,0.0,,0.0,0.0,,0.0,,,,0.0,,0.0,0.0,0.0,0.014032475919368,,,0.0,0.0,,0.0,0.0,,0.0,,0.0,,0.0,0.0,0.0,,,,,0.0,0.0,,0.0,,0.0,,,0.0499999999999992,0.0,0.0,,0.0,0.0,,0.0,0.0,,,0.0,,0.0,,,0.0,0.0,,0.0,,0.0,,,0.049999999999999,0.0499999999999989,,0.0,0.0,0.0,0.0,0.0,0.0,0.0,0.0,0.0,,0.0,,,,0.001381143465006,0.0,0.0,0.0,,0.0,,0.0,0.0,,0.0,,,,0.0,0.0,,0.0,0.0,,,0.0,,0.0,0.0,,0.0,,0.0,,0.0,,0.0,,0.0,,,0.0,0.05,,0.0,0.0,,0.0,0.0,0.0,0.0,0.0,0.0,,0.0,0.0499999999999981,,0.0,0.0,0.0,0.0,0.0,0.0,,0.0,0.0,,,,,,,0.0,,0.0,0.0,0.0,,0.0,,0.0,0.0,0.0,0.0,,0.0,,,0.0,,,0.0,,0.0499999999999944,,0.0,0.0,0.0,,0.0,,,,0.0,0.0,0.0,0.0,0.0,0.0,,0.0,0.0,0.0,0.05,0.0,0.0,0.0,0.0,,,,,0.0,,0.0,0.0,,,0.0,,0.0,,0.0,,0.0,0.0472954208297966,0.049999999999999,0.0,0.0,0.0,,0.0,0.0,0.0,,0.0393641563764198,0.0,0.0,0.0,0.0,0.0,0.0,,,,0.0,,,,,0.0462701287075463,0.0,,0.0,0.0,,0.0,,0.0,0.0,0.0,,,0.0,0.0,,0.0,0.0,,0.0,0.0283911921889247,0.0,,,0.0,,,0.0,0.0,0.0,0.0,0.0,0.0,,0.0,,,,,0.0,0.0,0.0,0.0,0.05,0.0,,,,0.0499999999999979,,0.0,0.0,,0.0,0.0,0.0,0.0,0.0,,,0.0,0.0,0.0,0.0,0.0,0.0,0.0,0.0,,,0.0,,,0.0,,0.0,0.0,0.0,,,,0.0,0.0,0.0,0.0,0.0,0.0499999999999979,0.0379379690369763,0.0399913654041567,,,,,,,0.0,,,0.0,0.0,0.0
2021-03-31,,0.0,0.0,,0.0,0.0,0.0499999999999998,0.0,,0.0,0.0,0.0,0.05,0.0,,0.05,0.0,0.0,0.0,0.0,0.05,0.0,,,0.0,0.0,0.0,0.0,0.0,,0.0,0.0,,0.0,,,,,,,0.0,,0.0,,0.0,,0.0,0.0,,0.0,0.0,,,0.0,0.0,,,0.0,,,0.0,0.0,,0.0,0.0,0.05,0.0,0.0,,0.0,0.0,0.0,,0.0315155420474869,0.0,,0.0,,,,,0.0,0.0,0.0,,0.0,0.0,,0.0,0.0,0.0,0.0,,,,,,0.0,0.0,,0.0,0.0,0.0,,0.0,0.0,,0.0,0.0,,,,,0.0,0.0110617409815293,0.0,,0.0,0.0,,0.0,,,,0.0,,0.0,0.0,0.0,0.0208255720951725,,,0.0025289583190532,0.0,,0.0,0.0,,0.0,,0.0,,0.0,0.0,0.0,,,,,0.0,0.0,,,,0.0,,,0.0,0.0,0.0,,0.0,0.0,,,,,,0.0,,0.0,,,0.0,0.0,,0.0,,0.05,0.0484394603870048,,0.0499999999999979,0.0499999999999998,,0.0,0.0,0.0026778548572062,0.0,0.0,0.0,0.0,0.0,0.0,,0.0,,,,0.0,0.0,0.0,0.0,,0.0,,0.0,0.0,,0.0,,,,0.0,0.0,,0.0,0.0,,,0.0,,0.0,0.0,,0.0,,0.0,,0.0,,0.0,,0.0,,,0.0,0.0499999999999981,,0.0,0.0,,0.05,0.0,0.0,0.0,0.0,0.0,,0.0,0.05,,0.0,0.0,0.0,,0.0,0.0,,0.0,0.0,,,,,,,,,0.0,0.0,0.0,,0.0,,0.0,0.0,0.0,0.0,,0.0,,,0.0,0.0,,0.0067770442915886,,0.0,,0.0,0.0,0.0,,0.0,,,,0.0,0.0,0.0,0.0,0.0,0.0,,0.0,0.0,0.0,0.0,0.0,0.0,0.0,0.0,,,,,0.0,,0.0,0.0,,,0.0,,0.0499999999999997,,0.0,,0.0,0.0,0.05,0.0,0.01781873505759,0.0,,0.0,0.0,0.0,,0.0,0.0,0.0,,0.0,0.0,0.0,,,,0.0,,,,,0.0139570111240059,0.0,,0.0,0.0,,0.0,,0.0,0.0,0.0,,,0.0,0.0,,0.0,,,0.0,0.0,0.0,,,0.0,,,0.0,0.0,0.0,0.0,0.0319034783801595,0.0,,0.0052046521542108,,,,,0.0,0.0,0.0,,0.0499999999999999,0.0072899503049965,,0.0,,0.05,,0.0,0.0,,0.0,0.0,0.0,,0.0,,,0.0,0.0,0.0,0.0,0.0,0.0,0.0,0.0,,,0.0,,,0.0,,0.0,0.0,0.0,,,,0.0,0.0,0.0,0.0,0.0,0.0,0.0499999999999998,0.0,,,,,,,0.0,,,0.0,0.0,0.0
2021-06-30,,0.0,0.0,,0.0,0.0,0.0499999999999998,0.0,,0.0,0.0,0.0,0.05,0.0,,0.05,0.0,0.0,0.0,0.0,0.05,0.0,,,0.0,0.0,0.0,0.0,0.0,,0.0,0.0,,0.0,,,,,,,0.0,,0.0,,0.0,,0.0,0.0,,0.0,0.0,,,0.0,0.0,,,0.0,,,0.0,0.0,,0.0,0.0,0.05,0.0,0.0,,0.0,0.0,0.0,,0.05,0.0,,0.0,,,,,0.0,0.0,0.0,,0.0,0.0,,0.0,0.0,0.0,0.0,,,,,0.0,0.0,,,0.0,0.0,0.0,,0.0,0.0,0.0,0.0,0.0,,,,,0.0,0.0,0.0,,0.0,0.0,,0.0,,,,0.0,,0.0,0.0,0.0,0.05,,,0.0,0.0,,0.0,0.0,,0.0,,0.0,,0.0,0.0,0.0,,,,,0.0,0.0,,,,0.0,,,0.0,0.0,0.0,,0.0,0.0,,,,,,0.0,,0.0,,,0.0,0.0,,0.0,,0.05,0.0,,0.05,0.05,,0.0,0.0,0.0,0.0,0.0,0.0,0.0,0.05,0.0,,0.0,,,,0.0,0.0,0.0,0.0,,0.0,,0.0,0.0,,0.0,,,,0.0,0.0,,0.0,0.0,,,0.0,,0.0,0.0,,0.0,,0.0,,0.0,,0.0,,0.0,,,0.0,0.05,,0.0,0.0,,0.05,0.0,0.0,0.0,0.0,0.0,,0.0,0.05,,0.0,0.0,0.0,,0.0,0.0,,0.0,0.0,,,,,,,,,0.0,0.0,0.0,,0.0,,0.0,0.0,0.0499999999999999,0.0,,0.0,,,0.0,0.0,,0.0,,0.0,,0.0,0.0,0.0,,0.0,,,,0.0,0.0,0.0,0.0,0.0,0.0,,0.0,0.0,0.0,0.0475757870889395,0.0,0.0,0.0,0.0,,,,,0.0,,0.0,,,,0.0,,0.0,,0.0,,0.0,0.0,0.05,0.0,0.0,0.0,,0.0,0.0,0.0,,0.0,0.0,0.0,,0.0,0.0,0.0,0.0,,,0.0,0.0,,,,0.0,0.0,,0.0,0.0,,0.0,,0.0,0.0,0.0,,,0.0,0.0,,0.0,,,0.0,0.0,0.0,,,0.0,,,0.0,0.0,0.0,0.0,0.0,0.0,,0.0,,,,,0.0,0.0,0.0,,0.0043579552341247,0.0,,0.0,,0.05,,0.0,0.0458577326263266,,0.0,0.0,0.0,,0.0,,,0.0347731314514007,0.0,0.0,0.0,0.0,0.0,0.0,0.0,,,0.0,,,0.0,,0.0,0.0,0.0,,,,0.0,0.0,0.0,0.0,0.0,0.0,0.0174353935992083,0.0,,,,,,,0.0,,,0.0,0.0,0.0
2021-09-30,,0.0,0.0,,0.0,0.0,0.0,0.0,,0.0,0.0,0.0,0.05,0.0168899385984016,,0.0344719322611251,0.0,0.0,0.0,0.0,0.05,0.0,,,0.0,0.0,0.0,0.0,0.0,,0.0,0.0,,0.0,,,,,,,0.0,,0.0,,0.0,,0.0,0.0,,0.0,0.0,,,0.0,0.0,,0.0,0.0,,,0.0,0.0,,0.0,0.0,0.05,0.0,0.0,,0.0,0.0,0.0,,0.0382241834058999,0.0,,0.0,0.0,,,,0.0,0.0,0.0,,0.0,0.0,,0.0,0.0,0.0,0.0,,,,,0.0,0.0,,,0.0,0.0,0.0,,0.0,0.0,0.0,0.0,0.0,,,,,0.0,0.0,0.0,,0.0,0.0,,0.0,,,,0.0,,0.0,0.0,0.0,0.0178030394003067,,,0.0,,,0.0,0.0,,0.0,,0.0,,0.0,0.0,0.0,,0.0,,,0.0,0.0,,0.05,,0.0,,,0.0,0.0,0.0,,0.0,0.0,,,,,,0.0,,0.0499999999999988,,,0.0,0.0,,0.0,,0.0,0.0,,0.0499999999999969,0.0499999999999947,,0.0,0.0,0.0176175639678385,0.0,0.0,0.0,0.0,0.0499999999999978,0.0135933796865421,,0.0,,,,0.0,0.0,0.0,0.0,,0.0,,0.0,0.0,,0.0,,,,0.0,0.0,,0.0,0.0,,,0.0,,0.0,0.0,,0.0,,0.0,,0.0,,0.0,,0.0,,,0.0,0.0499999999999969,,0.0,0.0,,0.05,0.0,0.0,0.0,0.0,0.0,,0.0,0.05,,0.0,0.0,0.0,,0.0,0.0,,0.0,0.0,,,,,,,,,0.0,0.0,0.0,,0.0,,0.0,0.0,0.0443171618853331,0.0,,0.0,,,0.0,0.0,,0.0,,0.0023848676528607,,0.0,0.0,0.0161102549317381,,0.0,,,,0.0,0.0288739151599933,0.0,0.0,,0.0,,0.0,0.0,0.0,0.0499999999999977,0.0,0.0,0.0,0.0,,,,,0.0,,0.0,,,,0.0,,0.0,,0.0,,0.0,0.0,0.0163719251173393,0.0,0.0,0.0,,0.0,0.0,0.0,,0.0,0.0,0.0,,0.0,0.0,0.0,0.0,,,0.0,0.0,,,,0.0071384494036133,0.0,,0.0181109636451206,0.0,,0.0,,0.0,0.0,0.0,,,0.0,0.0,,0.0,,,0.0,0.0,0.0,,,0.0,,,0.0,0.0,0.0,0.0,0.0,0.0,,0.05,,,,0.0,0.0,0.0,0.0,0.0,0.0,0.0,,0.0,,0.05,,0.0,0.0,,0.0,0.0,0.0,0.0,0.0,,,0.0,0.0,,0.0,0.0,0.0,0.0,0.0,,,0.0,,,0.0,,0.0,0.0,0.0,,,,0.0,0.0,0.0,0.0,0.0,0.0,0.028092424883904,0.0,,,0.0,,,,0.0,,,0.0,0.0,0.0
2021-12-31,,0.0,0.0,,0.0,0.0,0.0,0.0,,0.0,0.0,0.0,0.05,0.0,,0.0132605055557593,0.0,0.0,0.0,0.0,0.05,0.0,,0.0,0.0,0.0,0.0,0.0,0.0,,0.0,0.0,,0.0,,,,,,,0.0,,0.0,,0.0,,0.0,0.0,,0.0,,,,0.0,0.0,,0.0,0.0,,,0.0,0.0,,0.0,0.0,0.0214605839489625,0.0,0.0,,0.0,0.0,0.0,,0.05,0.0,,0.0,0.0,,,,0.0,0.0,0.0,,0.0,0.0,,0.0,0.0,0.0,0.0,,,,,0.0,0.0,,,0.0,0.0,0.0,,0.0,0.0,0.0,0.0,0.0,,,,,0.0,0.0,0.0,,0.0,0.0,,0.0,,,,0.0,0.0,0.0,0.0,0.0,0.05,,,0.0,,,0.0,0.0,,0.0,0.0,0.0,,0.0,0.0,0.0,,,,,0.0,0.0,,0.0499999999999949,,0.0,0.0,0.0,0.0,0.0,0.0,,0.0,0.0,,,0.0,,,0.0,,0.0236477832415568,,,0.0,0.05,,0.0,,0.0,0.0,,0.05,0.05,,0.0,0.0,0.0,0.0,0.0,0.0,0.0,0.0435428655629816,0.0,,0.0,,,,0.0,0.0,0.0,0.0,,0.0,,0.0,0.0,,0.0,,0.0,,0.0,0.0,,0.0,0.0,,,0.0,,0.0,0.0,,0.0,,0.0048388405125006,,0.0,,0.0,,0.0,,,0.0,0.05,,0.0,0.0,,0.05,0.0,,0.0,0.0,0.0,,0.0,0.05,,0.0,0.0,0.0,,0.0,0.0,,0.0,0.0,,,,,,,,,0.0,0.0,0.0,,0.0,,0.0,0.0,0.0,0.0,,,,,0.0,0.0,,0.0,,0.05,,0.0,0.0,0.0,,0.0140525000320776,,,,0.0,0.0,0.0,0.0,,0.0,,0.0,0.0,0.0,0.0487207182839295,0.0,0.0,0.0,0.0,,,,,0.0,,,,,,0.0,,0.0,,0.0,,0.0,0.0,0.0,0.0,0.0,0.0,,0.0,0.0,0.0,,0.0,0.0,0.0,,0.0,0.0,0.0,0.0,,0.0,0.0,0.0,,,,0.05,0.0,,0.0221290183229186,0.0,,0.0,,0.0,0.0016778708906314,0.0,,,0.0,0.0,,0.0,,,0.0,0.0,0.0,,,0.0,,,0.0,0.0,0.0,0.0,0.0,0.0,,0.05,,,,0.0,0.0,0.0,0.0,0.0,0.0,0.0,,0.0,,0.05,,0.0,0.0,,0.0,0.0,0.0,0.0,0.0,,,0.0,0.0,,0.0,0.0,0.0,0.0,0.0,,,0.0,,,0.0,,0.0,0.0,0.0,,,,0.0,0.0066693136486865,0.0,0.0,0.0,0.0,0.05,0.0,,,0.0,,,,0.0,,,0.0,0.0,0.0
2022-03-31,,0.0,0.0,,0.0,0.0,0.0428063807266802,0.0,,0.0,0.0,0.0,0.0499999999999957,0.0,,0.05,0.0,0.0,0.0,0.0,0.05,0.0,,0.0,,0.0,0.0,0.0,0.0,,0.0,0.0,,0.0,,,,,,,0.0,,0.0,,0.0,,0.0,0.0,,0.0,0.0,,,0.0,0.0,,0.05,0.0,,,0.0,0.0,,0.0,0.0,0.05,0.0,0.0,,0.0,0.0,0.0,,0.05,0.0,,0.0,0.0,,,,0.0,0.0,0.0,,0.0,0.0,,0.0,0.0,0.0,0.0,,,,,0.0,0.0,,,0.0,0.0,0.0,,0.0,0.0,,0.0,0.0,,,,,0.0,0.0,0.0,,0.0,0.0,,0.0,,,,0.0,0.0,0.0,0.0,0.0,0.05,,,0.0,0.0,,0.0,0.0,,0.0,0.0,0.0,,0.0,0.0,0.0,,,,,0.0,0.0,,,,0.0,0.0,0.0,0.0,0.0,0.0,,0.0,0.0,,,,,,0.0,,0.0,,,0.0,0.05,,0.0,,0.0,0.0,,0.0467155702926267,0.05,,0.0,0.0,0.0,0.0,0.0,0.0,0.0,0.0,0.0,,0.0,,,,0.0,0.0,0.0,0.0,,0.0,,0.0,0.0,,0.0,,0.0,,0.0,0.0,,,0.0,0.0,,0.0,0.0,,0.0,,0.0,,0.0,,0.0,,0.0,,0.0,,,0.0,0.0,,0.0,0.0,,0.05,0.0,,0.0,0.0,0.0,,0.0,0.05,,0.0,0.0,0.0,,0.0,0.0,,0.0,0.0,,,,,,,,,0.0,0.0,0.0,,0.0,,0.0,0.0,0.0,0.0,,,0.0,,0.0,0.0,,0.0,,0.0221009384824699,,0.0,0.0,0.0,0.0,0.0,0.0,,,0.0,0.05,0.0,0.0383771104982402,,0.0,,0.0,0.0,0.0,0.0,0.0,0.0,0.0,0.0,,,,,0.0,,,,,,0.0,,0.0,,0.0,,0.0,0.0,0.0,0.0,,0.0,,0.0,0.0,0.0,,0.0,0.0,0.0,,0.0,0.0,0.0,0.0,,0.0,0.0,0.0,,,,0.05,0.0,,0.0,0.0,,0.0,,0.0,0.0,0.0,,,0.0,0.0,,0.0,,,0.0,0.0,0.0,,,0.0,,,0.0,0.0,0.0,0.0,0.0,0.0,,0.05,,,,0.0,0.0,0.0,0.0,,0.0,0.0,,0.0,,0.05,,0.0,0.0,,0.0,0.0,0.0,,0.0,,,0.0,0.0,,0.0,0.0,0.0,0.0,0.0,,,0.0,,,0.0,,0.0,0.05,0.0,,,,0.0,0.0,0.0,0.0,0.0,0.0,0.0499999999999868,0.0,0.0,,0.0,,,,0.0,,,0.0,0.0,0.0
2022-06-30,,0.0,0.0,,0.0,0.0,0.0499999999999938,0.0,,0.0247049855771193,0.0319547328594887,0.0,0.0322488774283396,0.0,,0.0386338699593853,0.0,0.0,0.0,0.0,0.05,0.0,,0.0,,0.0,0.0,0.0,0.0,,0.0,0.0,0.0,0.0,0.0,0.0,0.0,,0.0,,0.0,,0.0,0.0,0.0,,0.0,0.0,,0.0,0.0,,,0.0,0.0,,0.0,0.0,0.0,,0.0,0.0,,,0.0,0.05,0.0,0.0,,0.0,0.0,0.0,,0.05,0.0,0.0,0.0,0.0,,,,0.0,0.0,0.0,0.0,0.0,0.0357578733280137,,0.0,0.0,0.0,0.0,,,,0.0,0.0,0.0,,,0.0,0.0,0.0,,0.0,0.0036174064268253,,0.0,0.0,,,,,0.0,0.0,0.0,,0.0,0.0,,0.0,,,0.0,0.0,0.0,0.0,0.0,0.0,0.05,0.0,,0.0270290763448837,0.0,0.0,0.0,0.0,,0.0,0.0,0.0,,0.0,0.0,0.0,0.0,,,,0.0,0.0,0.0,,0.0,0.0,0.0,0.0,0.0,0.0,0.0,0.0,0.0,0.0,,,,,,0.0,,0.0,,,0.0,0.0020596746537272,,0.0,0.0,0.0,0.0,,0.0,0.0,0.0,0.0,0.0,0.0,0.0,0.0,0.0,0.0,0.0,0.0,,0.0,,,,,0.0,0.0,0.0,,0.0,,0.0,0.0,,0.0,,0.0,0.0,0.0,0.0,,,,0.0,,0.0,0.0,,0.0,,0.0,,0.0,,0.0,0.0,0.0,0.0,0.0,,0.0,0.0,0.0496653193740031,,0.0,0.0,,0.0499999999999825,0.0,,0.0,0.0,0.0,,0.0,0.05,,0.0,0.0,0.0,,0.0,0.0,,0.0,0.0,,,,,,,,,0.0,0.0,0.0,0.0,0.0,0.0,0.0,0.0,0.0,0.0,0.0,,0.0,,0.0,0.0,,0.0,,0.0,,0.0,0.0,0.0,0.0,0.0,0.0,,0.0,0.0,0.05,0.0,0.0,,0.0,,0.0,0.0,0.0,0.0,0.0,0.0,0.0,0.0,,0.0,0.0,,0.0,0.0,,,,,0.0,,0.0069374602498711,,0.0,,0.0,0.0,0.05,0.0,,0.0,0.0,0.0,0.0,0.0,,0.0,0.0,0.0,,0.0,0.0,0.0,0.0,0.0,0.0,0.0,0.0,,,,0.047390723798379,0.0,0.0,0.0,0.0,,0.0,,0.0,0.0,0.0,,,0.0,0.0,,0.0,,,0.0,0.0,0.0,,,0.0,,,0.0,0.0,0.0,0.0,0.0,0.0,,0.05,0.0,,,0.0,0.0,0.0,0.0,,0.0,0.0,,0.0,0.0,0.05,,0.0,0.0,,0.0,0.0,0.0,,0.0,,0.0,0.0,0.0,,0.0,0.0,0.0,0.0,0.0,,0.0,0.0,0.0,0.0,0.05,,0.0,0.0499999999999868,0.0,,,,0.0,0.0,0.0,0.0,0.0,0.0,0.05,0.0,0.0,,0.0,,0.0,,0.0,,0.0,0.0,0.0,0.0
2022-09-30,,0.0,0.0,,0.0,0.0,0.05,0.0,,0.0,0.05,0.0,0.0,0.0,,0.0,0.0,0.0,0.0,0.0,0.0,0.0,,0.0,,0.0,0.0,0.0,0.0,,0.0,0.0,0.0,0.0,0.0,0.0,0.0,0.05,0.0,,0.0,,0.0,0.0,0.0,,0.0,0.0,0.0,0.0,0.0,,,0.0,0.0,,0.0,0.0,0.0,,0.0,0.0,,,0.0,0.05,0.0,0.0,,0.0,0.0,0.0,,0.05,0.0,0.0,0.0,0.0,,,,0.0,0.0,0.0,0.0,0.0,0.0,,0.0,0.0,0.0,0.0,,,,0.0,0.0,0.0,,0.0,0.0,0.0,0.0,,0.0,0.0,0.0,0.0,0.0,,,,,0.0,0.0,0.0,,0.0,0.0,,0.0,,,0.0,0.0,0.0,0.0,0.0,0.0,0.05,0.0,,0.0,,0.0,0.0,0.0,,0.0,0.0,0.0,,0.0,0.0,0.0,0.05,,,,0.0,0.0,0.0,0.0,0.0,0.0,0.0,0.0,0.0,0.0,0.0,0.0,0.0,0.0,,,,,,0.0,,,,,0.0,0.0,,0.0,0.0,0.0,0.0,,0.0,0.0,0.0,0.0,0.0,0.0,0.0,0.0,0.0,0.0,0.0,0.05,,0.0,,,,,0.0,0.0,0.0239161458455917,,0.0,,0.0,0.0,,0.0,,0.0,0.0,0.0,0.0,,0.0,,0.0,,0.0,,,0.0,,0.0,,0.0,,0.0,0.0,0.0,0.0,0.0,,0.0,0.0,0.0396471579544181,,0.0,0.0,,0.0,0.0,,0.0,0.0,0.0,,0.0,0.0003015320046134,,0.0,0.0,0.0,,0.0,0.0,,0.0,0.0,,,,,,0.0,,,0.0,0.0,0.0,0.0,0.0,0.0,0.0,0.0,0.0,0.0,0.0068858033846569,,0.0,,0.0,0.0,0.0,0.0,,0.0,,0.0,0.0,0.0,0.0,0.0,0.0,,0.0,0.0,0.05,0.0,0.0052677544454557,,0.0,,0.0,0.0,0.0,0.0,0.0,0.0,0.0,0.0,,0.0,0.0,0.0,0.0,0.0,,,,,0.0,,0.05,,0.0,0.0,0.0,0.0,0.05,0.0,,0.0,0.0,0.0,0.0,0.0,,0.0,0.0,0.0,,0.0,0.0,0.0,0.0,0.0,0.0,0.0,0.0,,,,0.0,0.0,0.0,0.0,0.0,,0.0,,0.0,0.0,0.0,,,0.0,0.0,0.0,0.0,,,0.0,0.0,0.0,,,0.0,,,0.0,,0.0,0.0,0.0,0.0,,0.05,0.0239816063652639,,,0.0,0.0,0.0,0.0,0.0,0.05,0.0,,0.0,0.0,0.05,,0.0,0.0,,0.0,0.0,0.0,,0.0,,0.0,0.0,0.0,,0.0,0.0,0.0,0.0,0.0,,0.0,0.0,0.0,0.0,0.05,,0.0,0.05,0.0,,,,0.0,0.0,0.0,0.0,0.0,0.0,0.05,0.0,0.0,,0.0,,0.05,,0.0,,0.0,0.0,0.0,0.0
2022-12-31,,0.0,0.0,0.0499999999999899,0.0,0.0,0.0,0.0,,0.0,0.0,0.0,0.0207820600911957,0.0,,0.0,0.0,0.0,0.0,0.0,0.05,0.0,,0.0,,0.0,0.0,0.0,0.0,,0.0,,0.0,0.0,0.0,0.0,0.0,0.0,0.0,,0.0,,0.0,0.0,0.0,,0.0,0.0,0.0,0.0088310667357544,,,,0.0,0.0,,0.0,0.0,0.0,,0.0,0.0,0.0,,0.0,0.0007930103146517,0.0,0.0,,0.0,0.0,0.0,,0.05,0.0,0.0,0.0,0.0,,,,0.0,0.0,0.0,0.0392514500280729,0.0,0.0,,0.0,0.0,0.0,0.0,,,,0.0,0.0,0.0,,0.0,0.0,0.0,0.0,,0.0,0.0,0.0,0.0,0.0,0.0,,,,0.0,0.0,0.0,,0.0,0.0,,0.0,,,0.0,0.0,0.0,0.0,0.0,0.0,0.0499999999999893,0.0,,0.0,,0.0,0.0,0.0,,0.0,0.0,0.0,0.0,0.0,0.0,0.0,0.0,,,,0.0,0.0,0.0,0.0,0.0,0.0,0.0,0.0,0.0,0.0,0.0,0.0,0.0,0.0,,,,,,0.0,0.0307171622893647,,0.0,,0.0,0.0,0.0499999999999907,0.0346535291532428,0.0,0.0,0.0,,0.0,0.0,0.0,0.0,0.0,0.0,0.0,0.0,0.0,0.0,0.0,0.05,,0.0,,,,,0.0,0.0,0.0,,0.0,,0.0,0.0,,0.0,,0.0,0.0,0.0,0.0,,0.0,,0.0,,0.0,,,0.0,,0.0,,0.0,,0.0,0.0,0.0,0.0,0.0,,0.0,0.0,0.0149717213878251,,0.0,0.0,0.0,0.0,0.0,,0.0,0.0,0.0,,0.0,0.0,,0.0,0.0,0.0,,0.0,0.0,,0.0,0.0,,,,,,0.0,,,0.0,0.0,0.0,0.0,0.0,0.0,0.0,0.0,0.0,0.0,0.0499999999999887,,0.0,,0.0,0.0,0.0499999999999896,0.0,,0.0,,0.0,,0.0,0.0,0.0,0.0,,0.0,0.0,0.0,0.0,0.0,,0.0,,0.0,0.0,0.0,0.0,0.0,0.0,0.0,0.0,,0.0,0.0,0.0,0.0,0.0,,,,,0.0,,0.0499999999999934,,0.0,0.0,0.0,0.0,0.0,0.0,,0.0,0.0,0.0,0.0,0.0,,0.0,0.0,0.0,,0.0,0.0,0.0,0.0,0.0,0.0,0.0,0.0,,,,0.0499999999999885,0.0,0.0,0.0,0.0,0.0,0.0,,0.0,0.0,0.0,,,0.0,0.0,0.0,0.0,,,0.0,0.0,0.0,,,0.0,,0.0,0.0,,0.0,0.0,0.0,0.0,,0.0499999999999934,0.0,,0.0,0.0,0.0,0.0,0.0,0.0,0.0499999999999928,0.0,,0.0,0.0,0.0499999999999923,,0.0,0.0,,0.0,0.0,0.0,,0.0,,0.0,0.0,0.0,,0.0,0.0,0.0,0.0,0.0,,0.0,0.0,0.0,0.0,0.05,,0.0,0.0499999999999876,0.0,,0.0,,0.0,0.0,0.0,0.0,0.0,0.0,0.0499999999999957,0.0,0.0,,0.0,,0.05,,0.0,,0.0,0.0,0.0,0.0
2023-03-31,,0.0,0.0,0.05,0.0,0.0,,0.0,,0.0,0.0,0.0,0.0,0.0,,0.0,0.0,0.0,0.0,0.0,0.05,0.0,,0.0,,0.0,0.0,,0.0,,0.0,,0.0,0.0,0.0,0.0,0.0,0.0,0.0,,0.0,,0.0,0.0,0.0,,0.0,0.0,0.0,0.05,0.0,,,0.0,0.0,,0.0,0.0,0.0,,0.0,0.0,0.0,,0.0,0.0265622312206065,0.0,0.0,,0.0,0.0,0.0,,0.0,0.0,0.0,0.0,0.0,,,,0.0,0.0,0.0,0.0,0.0,0.0,,0.0,0.0,0.0,0.0,,,,0.0,0.0,0.0,,0.0,0.0,0.0,0.0,,0.0,0.0,,0.0,0.0,0.0,,,,0.0,0.0,0.0,,0.0,0.0,,0.0,,,0.0,0.0,0.0,0.0,0.0,0.0,0.0,0.0,,0.0226835068621186,0.0,0.0,0.0,0.0,,0.0,0.0,0.0,0.0,0.0,0.0,0.0,0.0,,,,0.0,0.0,0.0,,0.0,0.0,0.0,0.0,0.0,0.0,0.0,0.0,0.0,0.0,,,,,,0.0,0.0,,0.0,,0.0,0.05,0.05,0.05,0.0,0.0,0.0,,0.0,0.0,0.0,0.0,0.0,0.0,0.0,0.0,0.0,0.0,0.0499999999998824,0.05,,0.0,,,,,0.0,0.0,0.0,,0.0,0.0,0.0,0.0,,0.0,,0.0,0.0,0.0,0.0,,,,0.0,,0.0,,,0.0,0.0,0.0,,0.0,,0.0,0.0,0.0,0.0,0.0,,0.0,0.0,0.05,,0.0,0.0,0.0,0.0,0.0,,0.0,0.0,0.0,,0.0,0.0,,0.0,0.0,0.0,,0.0,0.0,,0.0,0.0,,,,,,0.0,,,0.0,0.0,0.0,0.0,0.0,0.0,0.0,0.0,0.0,0.0,0.05,,0.0,,0.0,0.0,0.05,0.0,,0.0,,0.0,,0.0,0.0,0.0,0.0,,0.0,0.0,0.0,0.0,0.0,,0.0,,0.0,0.0,0.0,0.0,0.0,0.0,0.0,0.0,,0.0,0.0,0.0,0.0,0.0,,,,,0.0,,0.05,,0.0,0.0,0.0,0.0,0.05,0.0,,0.0,0.0,0.0,0.0,0.0,0.0,0.0,0.0,0.0,,0.0,0.0,0.0,0.0,0.0,0.0,0.0,0.0,,,,0.05,0.0,0.0,0.0,0.0,0.0,0.0,,0.0,0.0,0.0,,,0.0,0.0,0.0,0.0,,,0.0,0.0,0.0,,,0.0,,0.0,0.0,,0.0,0.0,0.0,0.0,,0.05,,,0.0,0.0,0.0,0.0,0.0,,0.05,0.0,,0.0,0.0,0.05,,0.0,0.0,,0.0,0.0,0.0,,0.0,,0.0,0.0,0.0,,0.0,0.0,0.0,0.0,0.0,,0.0,0.0,,0.0,0.047378828958045,,0.0,0.0387722183484041,0.0,,0.0,,0.0,0.0,0.0,0.0,0.0,0.0,0.0,0.0,0.0,,0.0,,0.0146032146109431,,0.0,,0.0,0.0,0.0,0.0
2023-06-30,,0.0,0.0,0.05,0.0,0.0,,0.0,,0.0,0.0,0.0,0.0,0.0,,0.0,0.0,0.0,0.0,0.0,0.05,0.0,,0.0,,0.0,0.0,,0.0,,0.036960325946447,,0.0,0.0,0.0,0.0,0.0,0.0,0.0,0.0,0.0,,0.0,0.0,0.0,,0.0,0.0,0.0,0.05,0.0,,,0.0,0.0,,0.0,0.0,0.0,,0.0,0.0,0.0,,0.0,0.0,0.0,0.0,,0.0,0.0,0.0,,0.0,0.0,0.0,0.0,0.0,,,,,0.0,0.0,0.05,0.0,0.0,,0.0,0.0,0.0,0.0,,,,0.0,0.0,0.0,,0.0,0.0,0.0,0.0,,0.0,0.0,,0.0,0.0,0.0,,,,0.0,0.05,0.0,,0.0,0.0,,0.0,,0.0,0.0,0.0,0.0,0.0,0.0,0.0,0.0,0.0,,0.0,0.0,0.0,0.0,0.0,,0.0,0.0,0.0,0.0,0.0,0.0,0.0,0.0,,,,0.0,0.0,0.0,0.0,0.0,0.0,0.0,0.0,0.0,0.0,0.0,0.0,,0.0,,,,,,0.0,0.05,,0.0,0.0,0.05,0.05,0.0,0.0,0.0,0.0,0.0,,0.0,0.0,0.0,0.0,0.0,0.0,0.0,0.0,0.0,0.0,0.0,0.0,,0.0,,,,,0.0,0.0,0.0,,0.0,0.0,0.0,0.0,,0.0,0.0,0.0,0.0,0.0,0.0,0.0,0.0,,0.0,,0.0,,,0.0,0.0,0.0,,0.0,,0.0,0.0,0.0022314177122561,0.0,0.0,,0.0,0.0,0.05,,0.0,0.0,0.0,0.0,0.0,,0.0,0.0,0.0,,0.0,0.0,,0.0,0.0,0.0,,0.0,0.0,,0.0,0.0,,,,,,0.0,,0.0,0.0,0.0,0.0,0.05,0.0,0.0,0.0,0.0,0.0357463819745102,0.0,0.05,,0.0,,0.0,0.0,0.0,0.0,,0.0,,0.0,,0.05,,0.0,0.0,0.0,0.0,0.05,0.0,0.0,0.0,,0.0,,0.0,0.0,0.0,0.0,0.0,0.0,0.0,0.0,,0.0,0.0,0.0,0.0,0.0,,,,0.0,0.0,,0.0,,0.0,0.0,0.0,0.0,0.0,0.0,,0.0,0.0,0.0,0.0,0.0,0.0,0.0,0.0,0.0,,0.0,0.0,0.0,0.0,0.0,0.0,0.0,0.0,,,,0.05,0.0,0.0,0.0,0.0,0.0,0.0,,0.0,0.0,0.0,0.0,,0.0,0.0,0.0,0.0,,,0.0,0.0,0.0,,,0.0,,0.0,0.0,,0.0,0.0,0.0,0.0,,0.0419532016332738,0.05,,0.0,0.0,0.0,0.0,0.0,,0.0,0.0,,0.0,0.0,0.05,0.0,0.0,0.0,,0.0,0.0,0.0,,0.0108049915098629,,0.0,0.0097146198781751,0.0,,0.0,0.0,0.0,0.0,0.0,,0.0,0.0,,0.0,0.0153745266064687,,0.0,0.0,0.0,,0.0,,0.0,0.0,0.0,0.0,0.0,0.0472145347390058,0.0,0.0,0.0,,0.0,,0.0,,0.0,,0.0,0.0,0.0,0.0
2023-09-30,,0.0,0.0,0.05,0.0,0.05,,0.0,,0.0,0.0,0.0,0.0,0.0,,0.0,0.0,0.0,,0.0,0.0,0.0,,0.0,,0.0,0.0,,0.0,,0.0,,0.0,0.0,0.0,0.0,0.0,0.0,0.0,0.0,0.0,,0.0,0.0,0.0,,0.0,0.0,0.0,0.0,0.0,,,0.0,0.0,,0.0,0.0,0.0,,0.0,0.0,0.0,,0.0051386318169263,0.0,0.0,0.0,,0.0,0.0,0.0,,0.0,0.0,0.0,0.0,0.0,,,,0.0,0.05,0.0,0.0107716060244465,0.0,0.0,,0.0,0.0,0.0,0.0,,,,0.0,0.0,0.0,,0.0,0.0,0.0,0.0,,0.0,0.0,0.0,0.0,0.0221841667953757,0.0,,,,0.0,0.05,0.0,,0.0,0.0,,0.0,,0.0,0.0,0.0,0.0,0.0,0.0,0.0,0.0,0.0,0.0,0.0,0.0,0.0,0.0,0.0,,0.0,0.0,0.0,0.0,0.0,0.0,0.0,0.0,,0.0,,0.0,0.0,0.0,0.0,0.0,0.0,0.0,0.0,0.0,0.0,0.0,0.0,,0.0,,,,,,0.0,0.0,,0.0,0.0,0.05,0.0,0.0,0.0,0.0,0.0,0.0,,0.05,0.05,0.0,0.0,0.0,0.0,0.0,0.0,0.0,0.0,0.0,0.0,,0.0,,,,,0.0,0.0,0.0,,0.0,0.0,0.0,0.0,,0.0,0.0,0.0,0.0,0.0,0.0,0.0,0.0,,0.0,0.0,0.0,,,0.0,0.0,0.0,,0.0,,0.0,0.0,0.0271619405248108,0.0,0.0,,0.0,0.0,0.05,,0.0,0.0,0.0,0.0,0.0,,0.0,0.0,0.0,,0.0,0.0199806991195116,0.0,,0.0,0.0,,0.0,0.0,,0.0,0.0,,,,,,0.0,,0.0,0.0,0.0,0.0,0.05,0.0,0.0,0.0,0.0,0.0,0.0,0.05,,0.0,,0.0,0.0,0.0,0.0,,0.0,,0.0,,0.05,,0.0,0.0,0.0,0.0,0.0029905850685273,0.0,0.0,0.0,,0.0,,0.0,0.0,0.0,0.0,0.0,,0.0,0.0,,0.0,0.0,0.0,0.0,0.0,,,,0.0,0.0,,0.05,,0.0,0.0,0.0,0.0,0.0,0.0,,0.0,0.0,0.0,0.0,0.0,0.0,0.0,0.0,0.0,,0.0,0.0,0.0,0.0,0.0,0.0,0.0,0.0,,,,0.05,0.0,0.0,0.0,0.0,0.0,0.0,,0.0,0.0,0.0,0.0,,0.0,0.0,,0.0,,,0.0,0.0,0.0,,,0.0,,0.0,0.0,,0.0,0.0,0.0,0.0,,0.05,0.0262096799975196,,0.0,0.0,0.0,0.0,0.0,0.0,0.0,0.0,,0.0,0.0,0.05,0.0,0.0,0.0,,0.0,0.0,0.0,,0.0355626906528818,,0.0,0.05,0.0,,0.0,0.0,0.0,0.0,0.0,,0.0,0.0,,0.0,0.0,,0.0,0.05,0.0,,0.0,,0.0,0.0,0.0,0.0,0.0,0.0,0.0,0.0,0.0,,0.0,,0.0,,0.0,,0.0,0.0,0.0,0.0
2023-12-31,,0.0,0.0,0.05,0.0,0.0,,0.0,,0.0,0.0,0.0,0.0,0.0,,0.05,0.0,0.0,0.0,0.0,0.05,0.0,,0.0,,0.0,0.0,,0.05,,0.0,,0.0,0.0,0.0,0.0,0.0,0.0,0.0,0.0,0.0,,0.0,0.0,0.0,,0.0,0.0,0.0,0.0,,,0.0,0.0,0.0,,0.0,0.0,0.0,,0.0,0.0,0.0,,0.0,0.0,0.0,0.0,,0.0,0.0,0.0,,0.0,0.0,0.0,0.0,0.0,,,,,0.05,0.0,0.05,0.0,0.0,,0.0,0.0,0.0,0.0,,,,0.0,0.0,0.0128584838602319,,0.0,0.0,0.0,0.0,,0.0,0.0,,0.0,0.0,0.0,,,,0.0,0.0,0.0,0.0,0.0,0.0,,0.0,,0.0,0.0,0.0,,0.0,0.0,0.0,0.0,0.0,0.0,0.0,0.0,0.0,0.0,0.0,0.0,0.0,0.0,0.0,0.0,0.0,0.0,0.0,0.0,,0.0,,0.0,0.0,0.0,0.0,0.0,0.0,0.0,0.0,0.0,0.0,0.0,0.0,,0.0,,,0.0,,,0.0,0.0,,0.0,0.0,0.05,0.0,0.0,0.0,0.0,0.0,0.0,,0.05,0.05,0.0,0.0,0.0,0.0,0.0,0.0,0.0,0.0,0.0,0.0,,0.0,,,,,0.0,0.0,0.0,0.0,0.0,0.0,0.0,0.0,,0.0,0.0,0.0,0.0,0.0,0.0,0.0,0.0,,0.0,0.0,0.0,,,0.0,0.0,0.0,0.0,0.0,,0.0,0.0,0.0,0.0,0.0,,0.0,0.0,0.05,,0.0,0.0,0.0,0.05,0.0,,0.0,0.0,0.0,,0.0,0.0,0.0,,0.0,0.0,,0.0,0.0,,0.0,0.0,,,,,,0.0,,0.0,0.0,0.0,0.0,0.05,0.0,0.0,0.0,0.0,0.0,0.0,0.05,,0.0,,0.0,0.0,0.0,0.0,,0.0116779402535871,,0.0,,0.0,,0.0,0.0,0.0,0.0,0.0,0.0,0.0,0.0,,0.0,,0.0,0.0,0.0,0.0,0.0,,0.0,0.0,,0.0,0.0,0.0,0.0,0.0,,,,0.0,0.0,,0.05,,0.0,0.0,0.0,0.0,0.05,0.0,,0.0421988650808128,0.0,0.0,0.0,0.0,0.0,0.0,0.0,0.0,,0.0,0.0,0.0,0.0,0.0,0.0,0.0,0.0,,,,0.05,0.0,0.0,0.0,0.0,0.0,0.0,,0.0,0.0,0.0,0.0,,0.0,0.0,0.0,0.0,,,0.0,0.0,0.0,,,0.0,,0.0,0.0,,0.0,0.0,0.0,0.0,,0.05,0.0,,0.0,0.0,0.0,0.0,0.0,0.0,0.0,0.0,,0.0,0.0,0.0,0.0,0.0,0.0,,0.0,0.0,0.0,,0.0,,0.0,0.0,0.0,,0.0,0.0,0.0,0.0,0.0,,0.0,0.0,,0.0,0.029049339774509,,0.0,0.05,0.0,,0.0042153710308587,,0.0,0.0,0.0,0.0,0.0,0.0,0.0,0.0,0.0,,0.0,,0.0,,0.0,,0.0,0.0,0.0,0.0
2024-03-31,,0.0,0.0,0.0,0.0,0.0,,0.0,,0.0,0.0,0.0,0.0,0.0,,0.05,0.0,0.0,,0.0,0.05,0.0,,0.0,,0.0,0.0,,0.05,,0.0,,0.0,0.0,0.0,0.0,0.0,0.0,0.0,0.0,0.0,,0.0,0.0,,,0.0,0.0,0.0,0.0,0.0,,0.0,0.0,0.0,,0.0,0.0,0.0,,0.0,0.0,0.0,,0.0,0.05,0.0,0.0,,0.0,0.0,0.0,,0.0,0.0,0.0,0.0,0.0,0.0,,,,0.0181737646438594,0.0,0.05,0.0,0.0,,0.0,0.0,0.0,0.0,0.0,,0.0,0.0,0.0,0.0,,0.0,0.0,0.0,0.0,,0.0,0.0,,0.0,0.0,0.0,,,0.05,0.0,0.0,0.0,0.0,0.0,0.0,,0.0,,0.0,0.0,0.0,,0.0,0.0,0.0,0.0,0.0,0.0,0.0,0.0,0.0,0.0,0.0,0.0,0.0,0.0,0.0,0.0,0.0,0.0,0.0,0.0,,0.0,,0.0,0.0,0.0,0.0,0.0,0.0,0.0,0.0,0.0,0.0,0.0,0.0,,0.0,,,,,,0.0,0.0,,0.0,0.05,0.0,0.0,0.0,0.0,0.0,0.0,0.0,,0.0,0.0,0.0,0.0,0.0,0.0,0.0,0.0,0.0,0.0,0.0097012096025667,0.05,,0.0,,,,,0.0,0.0,0.0,0.0,0.0,0.0,0.0,0.0,,0.0,0.0,0.0,0.0,0.0,0.0,0.0,0.0,,0.0,0.0,0.0,,,0.0,0.0,0.0,0.0,0.0,,0.0,0.0,0.0,0.0,0.0,0.0,0.0,0.0,0.05,,0.0,0.0,0.0,0.05,0.0,,0.0,0.0,0.0,0.0,0.0,0.05,0.0,,0.0,0.0,,0.0,0.0,,0.0,0.0,,,,,,0.0,,0.0,0.0,0.0,0.0,0.05,0.0,0.0,0.0,0.0,0.0,0.0,0.05,,0.0,,0.0,0.0,0.0,0.0,,0.0,,0.0,,0.0,,0.0,0.0,0.0,0.0,0.0,0.0,0.0,0.0,,0.0,,0.0,0.0,0.0,0.0,0.0,,0.0,0.0,,0.0,0.0,0.0,0.0,0.0,,,,0.0,0.0,,0.0,,0.0,0.0,0.0,0.0,0.0475292981549401,0.0,,0.0,0.0,0.0,0.0,0.0,0.0,0.0,0.0,0.0,,0.0,0.0,0.0,0.0,0.0,0.0,0.0,0.0,,,,0.05,0.0,0.0,0.0,0.0,0.0,0.0,,0.0,0.0,0.0,0.0,,0.0,0.0,,0.0,,0.0,0.0,0.0,0.0,,,0.0,,0.0,0.0,,0.0,0.0,0.0234041205520382,0.0,,0.05,,,0.0,0.0,0.0,0.0,0.0,,0.0,0.0,,0.0,0.0,0.05,0.0,0.0,0.0,,0.0,0.0,0.0,,0.0,,0.0,0.0,0.0,,0.0,0.0,0.0,0.0,0.0,,0.0,0.0,,0.0,0.05,,0.0,0.0,0.0064633727837367,,0.0213167742651361,0.0,0.0,0.0234114599977226,,0.0,0.0,0.0,0.0,0.0,0.0,,0.0,,0.0,,0.0,,0.0,0.0,,0.0
2024-06-30,,0.0,0.0,0.0,0.0,0.0,,0.0,,0.0,0.0,0.0,0.0,0.0,,0.0499999999999398,0.0,0.0,0.0,0.0,0.05,0.0,,0.0,,0.0,0.0,,0.0,,0.0,,0.0,0.0,0.0,0.0,0.0,0.0,0.0,0.0,0.0,,0.0,0.0,,,0.0,0.0,0.0,0.0,0.0,,0.0,0.0,0.0,,0.0,0.0,0.0,,0.0,0.0,0.0,,0.0,0.0499999999999321,0.0,0.0,,0.0,0.0,0.0,,0.0075796495054078,0.0,0.0,0.0,0.0,0.0,,,,0.0,0.0,0.0,0.0,0.0,,0.0,0.0,0.0,0.0,0.0,,0.0,0.0,,0.0,,0.0,0.0,0.0,0.0,,0.0,0.0,,0.0,0.0,0.0,,,0.05,0.0,0.0,0.0,0.0,0.0,0.0,,0.0,,0.0,0.0,0.0,,0.0,0.0,0.0,0.0,0.0,0.0,0.0,0.0,0.0,0.0,0.0,0.0,0.0,0.0,0.0,0.0,0.0,0.0,0.0,0.0,,0.0,,0.0,0.0,0.0,0.0,0.0,0.0,0.0,0.0,0.0,0.0,0.0,0.0,,0.0,,,,,,0.0,0.0,,0.0,0.0499999999999377,0.0,0.0,0.0,0.0,0.0,0.0,0.0,,0.0231798122343738,0.0383239050171157,0.0,0.0,0.0,0.0,0.0,0.0,0.0,0.0,0.0,0.0212743255480146,,0.0,,0.0,,,0.0,0.0,0.0,0.0,0.0,0.0,0.0,0.0,0.0,0.0,0.0,,0.0,0.0,0.0,0.0,0.0,,0.0,0.0,0.0,,,0.0,0.0,0.0,0.0,0.0,,0.0,0.0,0.0,0.0,0.0,0.0,0.0,0.0,0.05,,0.0,0.0,0.0,0.0239747431323962,0.0419066921406629,,0.0,0.0,0.0,0.0,0.0,0.0,0.0,,0.0,0.0,,0.0,0.0,,0.0,0.0,,,,,,0.0,,0.0,0.0,0.0,0.0,0.0,0.0,0.0,0.0,0.0,0.0,0.0,0.0499999999999371,,0.0,0.0,0.0,0.0,0.0,0.0,,0.0,,0.0,,0.05,,0.0,0.0,0.0,0.0,0.0,0.0,0.0,0.0,,0.0,,0.0,0.0,0.0,0.0,0.0,,0.0,0.0,,0.0,0.0,0.0,0.0,0.0,,,0.0,0.0,0.0,,0.0,,0.0,0.0,0.0,0.0,0.0499999999999374,0.0,,0.0,0.0,0.0,0.0,0.0,0.0,0.0,0.0,0.0,,0.0,0.0,0.0,0.0,0.0,0.0,0.0,0.0,,,,0.0499999999999339,0.0,,0.0,0.0,0.0,0.0,,0.0,0.0,0.0,0.0,,0.0,0.0,0.0,0.0,,0.0,0.0,0.0,0.0,,,0.0,0.0,0.0,0.0,,0.0,0.0,0.0,0.0,,0.05,0.0,,0.0,0.0,0.0,0.0,0.0,,0.0,0.0,,0.0,0.0,0.0499999999999368,0.0,0.0,0.0,,0.0,0.0,0.0,,0.0,,0.0,0.0,0.0,,0.0,0.0,0.0,0.0,,0.0,0.0,0.0,,0.0,0.0499999999999275,0.0017135131328382,0.0,0.0499999999999302,0.05,,0.05,0.0,0.0,0.0,,0.0,0.0,0.0410461903102254,0.001001168979552,0.0,0.0,,0.0,,0.0,,0.0,,0.0,0.0,,0.0
2024-09-30,,0.0,0.0,0.0,0.0,0.0,,0.0,,0.0,0.0,0.0,0.0,0.0,,0.0212640812890935,0.0,0.0,,0.0,0.05,0.0,0.0,0.0,,0.0,0.0,,0.0389577871793451,,0.0,,0.0,0.0,0.0,0.0,0.0,0.0,0.0,0.0,0.0,,0.0,0.0,,,0.0,0.0,0.0,0.0,,,0.0,0.0,0.0,,0.0,0.0,0.0,,0.0,0.0,0.0,,0.0,0.0,0.0,0.0,,0.0,0.0,0.0,,0.0,0.0,0.0,0.0,0.0,0.0,,,,0.0,0.0,0.0,0.0,0.0,,0.0,0.0,0.0,0.0,0.0,,0.0,0.0,0.0,0.0,,0.0,0.0,0.0,0.0,,0.0,0.0,,0.0,0.0,0.0,,,0.05,0.0,0.0,0.0,0.0,0.0,0.0,,0.0,,0.0,0.0,0.0,,0.0,0.0,0.0,0.0,0.0,0.0,0.0,0.0,0.0,0.0,0.0,0.0,0.0,0.0,0.0,0.0,0.0,0.0,0.0,0.0,,0.0,0.0,0.0,0.0,0.0,0.0,0.0,0.0,0.0,0.0,0.0,0.0,0.0,0.0,,0.0,,,,,,0.0,0.0,,0.0,0.05,0.0,0.0,0.0,0.0,0.0,0.0024175089866435,0.0,,0.025277001439426,0.0324049230373244,0.0,0.0,0.0,0.0,0.0,0.0,0.0,0.0,0.05,0.05,,0.0,,0.0,,,0.0,0.0,0.0,0.0,0.0,0.0,0.0,0.0,0.0,0.0,0.0,,0.0,0.0,0.0,0.0,0.0,,0.0,0.0,0.0,,,0.0,0.0,0.0,0.0,0.0,,0.0,0.0,0.0,0.0,0.0,0.0,0.0,0.0,0.05,,0.0,0.0,0.0,0.0,0.0367007121032441,,0.0,0.0,0.0,0.0,0.0,0.0,0.0,,0.0,0.0,,0.0,0.0,,0.0,0.0,0.0,,,,,0.0,,0.0,0.0,0.0,0.0,0.0,0.0,0.0,0.0,0.0,0.0,0.0,0.035075685977474,,0.0,0.0,0.0,0.0,0.0,0.0,,0.0,,0.0,,0.05,,0.0,0.0,0.0,0.0,0.0,0.0,0.0,0.0,,0.0,,0.0,0.0,0.0,0.0,0.0,,0.0,0.0,,0.0,0.0,0.0,0.0,0.0,,,0.0,0.0,0.0,,0.0,,0.0,0.0,0.0,0.0,0.05,0.0,,0.0,0.0,0.0,0.0,0.0,0.0,0.0,0.0,0.0,,0.0,0.0,0.0,0.0,0.0,0.0,0.0,0.0,,,0.0,0.05,0.0,,0.0,0.0,0.0,0.0,,0.0,0.0,0.0,0.0,,0.0,0.0,,0.0,,0.0,0.0,0.0,0.0,,,0.0,0.0,0.0,0.0,,0.0,0.0,0.0194624081418344,0.0,,0.05,0.0,,0.0,0.0,0.0,0.0,0.0384398918456146,0.0,0.0,0.0,,0.0,0.0,0.05,0.0,0.0,0.0,,0.0,0.0,0.0,,0.0,,0.0,0.05,0.0,,0.0,0.0,0.0,0.0,,0.0,0.0,0.0,,0.0,0.05,0.0,0.0,0.05,0.05,,0.0,0.0,0.0,0.0,,0.0,0.0,0.0,0.0,0.0,0.0,,0.0,,0.0,,0.0,,0.0,0.0,,0.0
2024-12-31,,0.0,0.0,0.0,0.0,0.0,,0.0,,0.0,0.0,0.0,0.0,0.0,,0.05,0.0,0.0,0.0,0.0,0.05,0.0,0.0,0.0,,0.0,0.0,,0.0,,0.0,,0.0,0.0,0.0,0.0,0.0,0.0,0.0,0.0,0.0,,0.0,0.0,0.0,,0.0,0.0,0.0,0.0157758006154474,,,0.0,0.0,0.0,,0.0,0.0,0.0,,0.0,0.0,0.0,,0.0,0.0,0.0,0.0,,0.0,0.0,0.0,,0.0,0.0,0.0,0.0,0.0,0.0,,,,0.0063994213291182,0.0,0.0,0.0,0.0,,0.0,0.0,0.0,0.0,0.0,,0.0,0.0,0.0,0.0,,0.0,0.0,0.0,0.0,,0.0,0.0,,0.0,0.0030240977663436,0.0,,,0.0253801014196496,0.0,0.0,0.0,0.0,0.0,0.0,,0.0,,0.0,0.0008474493951756,0.0,,0.0,0.0,0.0,0.0,0.0,0.0,0.0,0.0,0.0,0.0,0.0,0.0,0.0,0.0,0.0,0.0,0.0,0.0,0.0,0.05,,0.0,0.0,0.0,0.0,0.0,0.0,0.0,0.0,0.0,0.0,0.0,0.0,0.0,0.0,,0.0,,,,,,0.0,0.0,,0.0,0.0202513562624506,0.0,0.0,0.0,0.0,0.0,0.05,0.0,,0.0,0.0,0.0,0.0,0.0,0.0,0.0,0.0,0.0,0.0,0.026310775604059,0.0,,0.0,,0.0,,,0.0,0.0,0.0,0.0,0.0,0.0,0.0,0.0,0.0,0.0,0.0,,0.0033685079141154,0.0,0.0,0.0,0.0,,0.0,0.0,0.0,,,0.0,0.0,0.0,0.0,0.0,,0.0,0.0,0.0,0.0,0.0,0.0,0.0,0.0,0.05,,0.0,0.0,0.0,0.0,0.0446684326928555,,0.0,0.0,0.0,0.0,0.0,0.0,0.0,,0.0,0.0,,0.0,0.0,0.0,0.0,0.0,0.0,,,,,0.0,,0.0,0.0,0.0,0.0,0.0,0.0,0.0,0.0,0.0,0.0,0.0,0.05,,0.0,0.0,0.0,0.0,0.0,0.0,,0.0,,0.05,,0.0,,0.0,0.0,0.0,0.0,0.0,0.0,0.0,0.0,,0.0,,0.0,0.0,0.0,0.0,0.0,,0.0,0.0,0.0,0.0,0.0,0.0,0.0,0.0,,,0.0,0.0,0.0,,0.0,,0.0,0.0,0.0,0.0,0.05,0.0,,0.0026268224309552,0.0,0.0,0.0,0.0,0.0,0.0,0.0,0.0,,0.0,0.0,0.0,0.0,0.0,0.0,0.0,,,,0.0,0.05,0.0,,0.0,0.0,0.0,0.0,,0.0,0.0,0.0,0.0,,0.0,0.0,0.0,0.0,,0.0,0.0,0.0,0.0,,,0.0,0.0,0.0,0.0,,0.0,0.0,0.0187125411651012,0.0,,0.05,,,0.0,0.0,0.0,0.0,0.0,0.0,0.05,0.0,,0.0,0.0,0.05,0.0,0.0,0.0,,0.0,0.0,0.0,,0.05,,0.0,0.0,0.0,,0.0,0.0,0.0,0.0,,0.0,0.0,0.0,,0.0,0.0326346934047279,0.0,0.0,0.05,0.05,,0.0,0.0,0.0,0.0,,0.0,0.0,0.05,0.0,0.0,0.0,,0.0,,0.0,,0.0,,0.0,0.0,,0.0
2025-03-31,0.0,0.0,0.0,0.0,0.0,0.0,,0.0,,0.0191877060954964,0.0,0.0,0.0,0.0,,0.0200486362977235,0.0,0.0,,0.0,0.05,0.0,0.0,0.0,,0.0,0.0,,0.0,,0.0,,0.0,0.0,0.0,0.0,0.0,0.0,0.0,0.0,0.0,,0.0,0.0,,,0.0,0.0,0.0,0.0499999999999974,,,0.0,0.0,0.0,,0.0,0.0,,,0.0,0.0,0.0,,0.0,0.0019888633557994,0.0,0.0,,0.0,0.0,0.0,,0.0,0.0,0.0,0.0,0.0,0.0,,,,0.0,0.0,0.0,0.0,0.0,,0.0,0.0,0.0,0.0,0.0,,0.0,0.0,,0.0,,0.0,0.0,0.0,0.0,,0.0,0.0,,0.0,0.027009488673526,0.0,,,0.0,0.0,0.0,0.0,0.0,0.0,0.0,,0.0,,0.0,0.0,0.0,,0.0,0.0,0.0,0.0,0.0,0.0,0.05,0.0,0.0,0.0,0.0,0.0,0.0,0.0,0.0,0.0,0.0,0.0,0.0,0.0499999999999973,,0.0,0.0,0.0,0.0,0.0,,0.0,0.0,0.0,0.0,0.0,0.0,0.0073858855133885,0.0,,0.0,,,,,,0.0,0.0,,0.0,0.0,0.0,0.0007164470080942,0.0,0.0,0.0,0.0,0.0,,0.0,0.0009682952355432,0.0,0.0,0.0,0.0,0.0,0.0,0.0,0.0,0.0,0.0,,0.0,,0.0,,,0.0,0.0,0.0,0.0,0.0,0.0,0.0,0.0,0.0,0.0,0.0,,0.05,0.0,0.0,0.0,0.0,,0.0,0.0,0.0,,,0.0,0.0,0.0,0.0,0.0,,0.0,0.0,0.0,0.0,0.0,0.0,0.0,0.0,0.05,,0.0,0.0,0.0,0.0499999999999973,0.0,,0.0,0.0,0.0,0.0,0.0,0.0,0.0,,0.0,0.0,,0.0,0.0,0.0,0.0,0.0,0.0,,,,,0.0,,0.0,0.0,0.0,0.0,0.0,0.0,0.0,0.0,0.0,0.0,0.0,0.05,,0.0,0.0,0.0,0.0,0.0,0.0,,0.0,,0.0434747059152369,,0.0,,0.0,0.0,0.0,0.0,0.0,0.0499999999999998,0.0,0.0,,0.0,0.0,0.0,0.0,0.0,0.0,0.0,,0.0,0.0,0.0,0.0,0.0,0.0,0.0,0.0,,,0.0,0.0,0.0,,0.0,,0.0,0.0,0.0,0.0,0.0499999999999943,0.0,,0.0,0.0,0.0,0.0,0.0,0.0,0.0,0.0,0.0,,0.0,0.0,0.0,0.0,0.0,0.0,0.0,,,,0.0,0.0499999999999995,0.0,,0.0,0.0,0.0,0.0,,0.0,0.0,0.0,0.0,,0.0,0.0,,0.0,,0.0,0.0,0.0,0.0,0.0,,0.0,0.0,0.0,0.0,,0.0,0.0,0.02921997190521,0.0,0.0,0.05,,,0.0,0.0,0.0,0.0,0.0,,0.05,0.0,,0.0,0.0,0.05,0.0,0.0,0.0,,0.0,0.0,0.0,,0.05,,0.0,0.0,0.0,,0.0,0.0,0.0,0.0,,0.0,0.0,0.0,,0.0,0.0,0.0,0.0,0.0499999999999954,0.0,,0.0,0.0,0.0,0.0,,0.0,0.0,0.05,0.0,0.0,0.0,,0.0,,0.0,,0.0,,0.0,0.0,,0.0
2025-06-30,0.0,0.0,0.0,0.0,0.0,0.0,,0.0,,0.0,0.0,0.0,0.0,0.0,,0.0499999999998399,0.0,0.0,0.0,0.0,0.05,0.0,0.0,0.0,,0.0,0.0,,0.0,,0.0,,0.0,0.0,0.0,0.0,0.0,0.0,0.0,0.0,0.0,,0.0,0.0,,,0.0,0.0,0.0,0.0492048952387638,,,0.0,0.0,0.0,,0.0,0.0,,,0.0,0.0,0.0,,0.0,0.0385570148386579,0.0,0.0,,0.0,0.0,0.0,,0.0146362903213788,0.0,0.0,0.0,0.0,0.0,,,,0.0,0.0,0.0,0.0,0.0,,0.0,0.0,0.0,0.0,0.0,,0.0,0.0,,0.0,,0.0,0.0,0.0,0.0,,0.0,0.0,,0.0,0.0,0.0,,,0.0,0.0,0.0,0.0,0.0,0.0,0.0,0.0,0.0,,0.0,,0.0,,0.0,0.0,0.0,0.0,0.0,0.0,0.0,0.0,0.0,0.0,0.0,0.0,0.0,0.0,0.0,0.0,0.0,0.0,0.0,0.0097266204272203,,0.0,0.0167464593558466,0.0,0.0,0.0,0.0,0.0,0.0,0.0,0.0,0.0,0.0,0.0460780499861049,0.0,,0.0,,,,0.05,0.05,0.0,0.0,,0.0,0.0,0.0,0.05,0.0,0.05,0.0,0.0,0.0,,0.0,0.0,0.0,0.0,0.0,0.0,0.0,0.0,0.0,0.0,0.0,0.0,,0.0,,0.0,,,0.0,0.0,0.0,0.0,0.0,0.0,0.0,0.0,0.0,0.0,0.0,,0.0479899349246939,0.0,0.0,,0.0,,0.0,0.0,0.0,,,0.0,0.0,0.0,0.0,0.0,,0.0,0.0,0.0,0.0,0.0,0.0,0.0,0.0,0.0352031309947747,,0.0,0.0,0.0,0.0499999999995104,0.0,,0.0,0.0,0.0,0.0,0.0,0.0,0.0,,0.0,0.0,,0.0,0.0,0.0,0.0,0.0,0.0,,,,,0.0,,0.0,0.0,0.0,0.0,0.0,0.0,0.0,0.0,0.0,0.0,0.0,0.05,,0.0,0.0,0.0,0.0,0.0,0.0,,0.0,,0.0,,0.0,,0.0,0.0,0.0,0.0,0.0,0.0,0.0,0.0,,0.0,0.0,0.0,0.0,0.0,0.0,0.0,,0.0,0.0,0.0,0.0,0.0,0.0,0.0,0.0,,,0.0,0.0,0.0125827286341475,,0.0,,0.0,0.0,0.0,0.0,0.0,0.0,,0.0,0.0,0.0,0.0,0.0,0.0,0.0,0.0,0.0,,0.0,0.0,0.0,0.0,0.0,0.0,0.0,,,,0.0,0.006831886093768,0.0,,0.0,0.0,0.0,0.0,,0.0,0.0,0.0,0.0,,0.0,0.0,0.0,0.0,,0.0,0.0,0.0,0.0,0.0,,0.0,0.0,0.0,0.0,,0.0,0.0,0.0,0.0,0.0,0.05,0.05,,0.0,0.0,0.0,0.0,0.0,,0.0,0.0,,0.0,0.0,0.05,0.0,0.0,0.0,,0.0,0.0,0.0,,0.0262596133699438,,0.0,0.0,0.0,,0.0,0.0,0.0,0.0,,0.0,0.0,0.0,,0.0,0.0,0.0,0.0,0.0499999999998348,0.0,0.0,0.0,0.0,0.0,0.0,,0.0,0.0,0.0499999999996679,0.0461833758158462,0.0,0.0,,0.0,,0.0,,0.0,,0.0,0.0,,0.0
2025-09-30,0.0,0.0,0.05,0.0,0.0,0.0,,0.0,0.0,0.0,0.0,0.0,0.0,0.0,,0.0,0.0,0.0,,0.0,0.04355824800229,0.0,0.0,0.0,,0.0,0.0,,0.0462596592137789,,0.0,,0.0,0.0,0.0,0.0,0.0,0.0,0.0,0.0,0.0,,0.0,0.0,,,0.0,0.0,0.0,0.0499999999999893,,,0.0,0.0,0.0,,0.0,0.0,,0.0,0.0,0.0,,,0.0,0.0,0.0,0.0,,0.0,0.0,0.0,,0.0,0.0,0.0,0.0,0.0,0.0,0.0,,,0.0,0.0,0.0,0.0,0.0,,0.0,0.0,0.0,0.0,0.0,,0.0,0.0,0.0,0.0,,0.0,0.0,0.0,0.0,0.0,0.0,0.0,,0.0,0.0,0.0,,,0.0,0.0,0.0,0.0,0.0,0.0,0.0,0.0,0.0,,0.0,,0.0,,0.0,0.0,0.0,0.0,0.0,0.0,0.0,,0.0,0.0,0.0,0.0,0.0,0.0,0.0,0.0217128626634403,0.0,0.0,0.0,0.0,,0.0,0.0,0.0,0.0,0.0,0.0,0.0,0.0,0.0,0.0,0.0,0.0,0.0,0.0,,0.0,,,,0.05,0.05,0.0,0.0,,0.0,0.0499999999999878,0.0,0.0499999999999879,0.0,0.0499999999999908,0.0,0.0,0.0,,0.049999999999816,0.0499999999998637,0.0,0.0,0.0,0.0,0.0,0.0,0.0,0.0,0.0,0.0121888279009529,,0.0,,0.0,,,0.0,0.0,0.0,0.0,0.0,0.0,0.0,0.0,0.0,0.0,0.0,,0.0389949339995947,,0.0,,0.0,,0.0,0.0,0.0,,,0.0,0.0,0.0,0.0,0.0,,0.0,0.0,0.0,0.0,0.0,0.0,,0.0,0.05,0.0,0.0,0.0,0.0,0.0499999999999184,0.0,,0.0,0.0,0.0,0.0,0.0,0.0,0.0,,0.0,0.0,,0.0,0.0,0.0,0.0,0.0,0.0,,,,,0.0,,0.0,0.0,0.0,0.0,0.0,0.0,0.0,0.0,0.0,0.0,0.0,0.05,,0.0,0.0,0.0,0.0,0.0,0.0,,0.0,,0.0,,0.0,,0.0,0.0,0.0,0.0,0.0,0.0,0.0,0.0,,0.0,0.0,0.0,0.0,0.0,0.0,0.0,,0.0,0.0,0.0,0.0,0.0,0.0,0.0,0.0,,,0.0,0.0,0.0,,0.0,,0.0,0.0,0.0,0.0,0.0,0.0,,0.0,0.0,0.0,0.0,0.0,0.0,0.0,0.0,0.0,,0.0,0.0,0.0,0.0,0.0,0.0,0.0,,,,0.0,0.0,0.0,,0.0,0.0,0.0,0.0,,0.0,0.0,0.0,0.0,,0.0,0.0,,0.0,,0.0,0.0,0.0,0.0,0.0,0.0,0.0,0.0,0.0,0.0,,0.0,0.0,0.0067094524505533,0.0,0.0,0.05,0.05,,0.0,0.0,0.0,0.0,0.0,,0.0,0.0,,0.0,0.0,0.05,0.0,0.0,0.0,0.0,0.0,0.0,0.0,,0.0305760157698486,0.0,0.0,0.0,0.0,,0.0,0.0,0.0,0.0,,0.0,0.0,0.0,,0.0,0.0,0.0,0.0,0.0499999999999867,0.0,0.0,0.0,0.0,0.0,0.0,,0.0,0.0,0.0,0.0,0.0,0.0,,0.0,,0.0,,0.0,0.0,0.0,0.0,,0.0
2025-12-31,0.0,0.0,0.0499999999999537,0.0,0.0,0.0,,0.0,0.0,0.0,0.0,0.0,0.0,0.0,,0.0,0.0,0.0,0.0,0.0,0.0499999999999565,0.0,0.0,0.0,,0.0,0.0,,0.0,,0.0,,0.0,0.0,0.05,0.0,0.0,0.0,0.0,0.0,0.0,,0.0,0.0,0.0,,0.0,0.0,0.0,0.05,,,0.0,0.0,0.0,,0.0,0.0,,0.0,0.0,0.0,0.0,,0.0,0.0,0.0,0.0,,0.0,0.0,0.0,,0.0043784972618936,0.0,0.0,0.0,0.0,0.0,0.0,,,0.0,0.0,0.0,0.0,0.0,,0.0,0.0,0.0,0.0,0.0,,0.0,0.0,0.0,0.0,,0.0,0.0,0.0,0.0,0.0,0.0278392169408446,0.0,,0.0,0.0,0.0,0.0,,0.0,0.0,0.0,0.0,0.0,0.0,0.0,0.0,0.0,,0.0,,0.0,,0.0,0.0,0.0,0.0,0.0,0.0,0.0,,0.0,0.0,0.0,0.0,0.0,0.0,0.0,0.0,0.0,0.0,0.0,0.0,,0.0,0.0,0.0,0.0,0.0,0.0,0.0,0.0,0.0,0.0,0.0,0.0,0.0,0.0,,0.0,,,,0.0453297720494763,0.0496331616147196,0.0,0.0,,0.0,0.0499999999999563,0.0,0.0499999999999502,0.0499999999999525,0.0,0.0,0.0,0.0,,0.0262502824651234,0.0362236911576505,0.0,0.0,0.0,0.0,0.0,0.0,0.0,0.0,0.0,0.05,,0.0,,0.0,,,0.0,0.0,0.0,0.0,0.0,0.0,0.0,0.0,0.0,0.0,0.0,,0.045146417544005,0.0,0.0,,0.0,,0.0,0.0,0.0,,,0.0,0.0,0.0,0.0,0.0,,0.0,0.0358100839093162,0.0,0.0,0.0,0.0,,0.0,0.05,0.0,0.0,0.0,0.0,0.0499999999999514,0.0,,0.0,0.0,0.0,0.0,0.0,0.0,0.0,,0.0,0.0,,0.0,0.0,0.0,0.0,0.0,0.0,,,,,0.0,,0.0,0.0,0.0,0.0,0.0,0.0,0.0,0.0,0.0,0.0,0.0,0.05,,0.0,0.0,0.0,0.0,0.0,0.0,,0.0,,0.0,,0.0,,0.0,0.0,0.0,0.004361387902493,0.0,0.0,0.0,0.0,,0.0,0.0,0.0,0.0,0.0,0.0,0.0,,0.0,0.0,0.0,0.0,0.0,0.0,0.0,0.0,,,0.0,0.0,0.0,,0.0,,0.0,0.0,0.0,0.0,0.0,0.0,,0.0,0.0,0.0,0.0,0.0,0.0,0.0,0.0,0.0,,0.0,0.0,0.0,0.0,0.0,0.0,0.0,,,,0.0,0.0496047703248894,0.0,,0.0,0.0,0.0,0.0,0.0,0.0,0.0,0.0,0.0,,0.0,0.0,,0.0,,0.0,0.0,0.0,0.0,0.0,0.0,0.0,0.0,0.0,0.0,,0.0,0.0,0.0,0.0,0.0,0.0499999999999553,,,0.0,0.0,0.0,0.0,0.0,,0.0,0.0,,0.0,0.0,0.0120248280817473,0.0,0.0,0.0,0.0,0.0,0.0,0.0,,0.0,0.0133978907482115,0.0,0.0,0.0,,0.0,0.0,0.0,0.0,,0.0,0.0,0.0,,0.0,0.0,0.0,0.0,0.0499999999999527,0.0,0.0,0.0,0.0,0.0,0.0,,0.0,0.0,0.0,0.0,0.0,0.0,,0.0,,0.0,,0.0,0.0,0.0,0.0,,0.0
